"Season","Round","Home.Team","Away.Team","Player.Name","Coaches.Votes"
2026,1,"Sydney Swans","Carlton","Justin McInerney (SYD)","10"
2026,1,"Sydney Swans","Carlton","Errol Gulden (SYD)","8"
2026,1,"Sydney Swans","Carlton","Isaac Heeney (SYD)","5"
2026,1,"Sydney Swans","Carlton","Tom McCartin (SYD)","3"
2026,1,"Sydney Swans","Carlton","Sam Walsh (CARL)","3"
2026,1,"Sydney Swans","Carlton","Chad Warner (SYD)","1"
2026,1,"Gold Coast Suns","Geelong Cats","Christian Petracca (GCFC)","10"
2026,1,"Gold Coast Suns","Geelong Cats","Bailey Humphrey (GCFC)","8"
2026,1,"Gold Coast Suns","Geelong Cats","John Noble (GCFC)","4"
2026,1,"Gold Coast Suns","Geelong Cats","Touk Miller (GCFC)","4"
2026,1,"Gold Coast Suns","Geelong Cats","Sam Collins (GCFC)","3"
2026,1,"Gold Coast Suns","Geelong Cats","Wil Powell (GCFC)","1"
2026,1,"GWS Giants","Hawthorn","Jake Stringer (GWS)","10"
2026,1,"GWS Giants","Hawthorn","Clayton Oliver (GWS)","7"
2026,1,"GWS Giants","Hawthorn","Finn Callaghan (GWS)","6"
2026,1,"GWS Giants","Hawthorn","Stephen Coniglio (GWS)","5"
2026,1,"GWS Giants","Hawthorn","Joseph Fonti (GWS)","2"
2026,1,"Brisbane Lions","Western Bulldogs","Ed Richards (WB)","10"
2026,1,"Brisbane Lions","Western Bulldogs","Charlie Cameron (BL)","6"
2026,1,"Brisbane Lions","Western Bulldogs","Lachie Neale (BL)","4"
2026,1,"Brisbane Lions","Western Bulldogs","Rory Lobb (WB)","3"
2026,1,"Brisbane Lions","Western Bulldogs","Bailey Williams (WB)","3"
2026,1,"Brisbane Lions","Western Bulldogs","Harris Andrews (BL)","2"
2026,1,"Brisbane Lions","Western Bulldogs","Connor Budarick (WB)","1"
2026,1,"Brisbane Lions","Western Bulldogs","Ryan Lester (BL)","1"
2026,1,"St Kilda","Collingwood","Nick Daicos (COLL)","10"
2026,1,"St Kilda","Collingwood","Jack Sinclair (STK)","6"
2026,1,"St Kilda","Collingwood","Jordan De Goey (COLL)","4"
2026,1,"St Kilda","Collingwood","Josh Daicos (COLL)","4"
2026,1,"St Kilda","Collingwood","Scott Pendlebury (COLL)","2"
2026,1,"St Kilda","Collingwood","Dan Houston (COLL)","2"
2026,1,"St Kilda","Collingwood","Isaac Quaynor (COLL)","2"
2026,2,"Carlton","Richmond","Sam Walsh (CARL)","10"
2026,2,"Carlton","Richmond","Patrick Cripps (CARL)","6"
2026,2,"Carlton","Richmond","Jayden Short (RICH)","6"
2026,2,"Carlton","Richmond","Jagga Smith (CARL)","5"
2026,2,"Carlton","Richmond","Tim Taranto (RICH)","2"
2026,2,"Carlton","Richmond","Jacob Weitering (CARL)","1"
2026,2,"Essendon","Hawthorn","Nick Watson (HAW)","9"
2026,2,"Essendon","Hawthorn","Tom Barrass (HAW)","5"
2026,2,"Essendon","Hawthorn","Jack Gunston (HAW)","4"
2026,2,"Essendon","Hawthorn","Conor Nash (HAW)","4"
2026,2,"Essendon","Hawthorn","James Sicily (HAW)","3"
2026,2,"Essendon","Hawthorn","Jarman Impey (HAW)","3"
2026,2,"Essendon","Hawthorn","Zach Merrett (ESS)","1"
2026,2,"Essendon","Hawthorn","Jai Newcombe (HAW)","1"
2026,2,"Western Bulldogs","GWS Giants","Marcus Bontempelli (WB)","10"
2026,2,"Western Bulldogs","GWS Giants","Aaron Naughton (WB)","8"
2026,2,"Western Bulldogs","GWS Giants","Tom Liberatore (WB)","6"
2026,2,"Western Bulldogs","GWS Giants","Matthew Kennedy (WB)","3"
2026,2,"Western Bulldogs","GWS Giants","Tim English (WB)","2"
2026,2,"Western Bulldogs","GWS Giants","Lachie Jaques (WB)","1"
2026,2,"Geelong Cats","Fremantle","Max Holmes (GEEL)","8"
2026,2,"Geelong Cats","Fremantle","Luke Jackson (FRE)","7"
2026,2,"Geelong Cats","Fremantle","Shannon Neale (GEEL)","7"
2026,2,"Geelong Cats","Fremantle","Shaun Mannagh (GEEL)","4"
2026,2,"Geelong Cats","Fremantle","Caleb Serong (FRE)","2"
2026,2,"Geelong Cats","Fremantle","Jeremy Cameron (GEEL)","2"
2026,2,"Sydney Swans","Brisbane Lions","Nick Blakey (SYD)","8"
2026,2,"Sydney Swans","Brisbane Lions","Joel Amartey (SYD)","8"
2026,2,"Sydney Swans","Brisbane Lions","Tom McCartin (SYD)","7"
2026,2,"Sydney Swans","Brisbane Lions","Riley Bice (SYD)","4"
2026,2,"Sydney Swans","Brisbane Lions","Isaac Heeney (SYD)","2"
2026,2,"Sydney Swans","Brisbane Lions","Jarrod Berry (BL)","1"
2026,2,"Collingwood","Adelaide Crows","Wayne Milera (ADEL)","10"
2026,2,"Collingwood","Adelaide Crows","Riley Thilthorpe (ADEL)","5"
2026,2,"Collingwood","Adelaide Crows","Josh Worrell (ADEL)","5"
2026,2,"Collingwood","Adelaide Crows","Nick Daicos (COLL)","4"
2026,2,"Collingwood","Adelaide Crows","Alex Neal-Bullen (ADEL)","3"
2026,2,"Collingwood","Adelaide Crows","Dan Houston (COLL)","3"
2026,2,"North Melbourne","Port Adelaide","Charlie Comben (NMFC)","10"
2026,2,"North Melbourne","Port Adelaide","Luke Parker (NMFC)","6"
2026,2,"North Melbourne","Port Adelaide","Harry Sheezel (NMFC)","4"
2026,2,"North Melbourne","Port Adelaide","Tristan Xerri (NMFC)","4"
2026,2,"North Melbourne","Port Adelaide","Dylan Stephens (NMFC)","4"
2026,2,"North Melbourne","Port Adelaide","Luke Davies-Uniacke (NMFC)","2"
2026,2,"Melbourne","St Kilda","Jacob Van Rooyen (MELB)","9"
2026,2,"Melbourne","St Kilda","Max Hall (STK)","8"
2026,2,"Melbourne","St Kilda","Max Gawn (MELB)","7"
2026,2,"Melbourne","St Kilda","Callum Wilkie (STK)","2"
2026,2,"Melbourne","St Kilda","Jack Sinclair (STK)","2"
2026,2,"Melbourne","St Kilda","Jack Steele (MELB)","1"
2026,2,"Melbourne","St Kilda","Caleb Windsor (MELB)","1"
2026,2,"Gold Coast Suns","West Coast Eagles","Christian Petracca (GCFC)","10"
2026,2,"Gold Coast Suns","West Coast Eagles","Jarrod Witts (GCFC)","8"
2026,2,"Gold Coast Suns","West Coast Eagles","Noah Anderson (GCFC)","6"
2026,2,"Gold Coast Suns","West Coast Eagles","Ben King (GCFC)","3"
2026,2,"Gold Coast Suns","West Coast Eagles","Touk Miller (GCFC)","2"
2026,2,"Gold Coast Suns","West Coast Eagles","Milan Murdock (WCE)","1"
2026,3,"Hawthorn","Sydney Swans","Jai Newcombe (HAW)","9"
2026,3,"Hawthorn","Sydney Swans","Tom Barrass (HAW)","7"
2026,3,"Hawthorn","Sydney Swans","Dylan Moore (HAW)","6"
2026,3,"Hawthorn","Sydney Swans","Jack Gunston (HAW)","6"
2026,3,"Hawthorn","Sydney Swans","Jack Ginnivan (HAW)","1"
2026,3,"Hawthorn","Sydney Swans","Brodie Grundy (SYD)","1"
2026,3,"Adelaide Crows","Western Bulldogs","Marcus Bontempelli (WB)","9"
2026,3,"Adelaide Crows","Western Bulldogs","Joel Freijah (WB)","8"
2026,3,"Adelaide Crows","Western Bulldogs","Bailey Williams (WB)","5"
2026,3,"Adelaide Crows","Western Bulldogs","Jordon Butts (ADEL)","4"
2026,3,"Adelaide Crows","Western Bulldogs","Buku Khamis (WB)","2"
2026,3,"Adelaide Crows","Western Bulldogs","Tom Liberatore (WB)","2"
2026,3,"Richmond","Gold Coast Suns","Bodhi Uwland (GCFC)","8"
2026,3,"Richmond","Gold Coast Suns","Ben King (GCFC)","8"
2026,3,"Richmond","Gold Coast Suns","Touk Miller (GCFC)","8"
2026,3,"Richmond","Gold Coast Suns","Sam Collins (GCFC)","4"
2026,3,"Richmond","Gold Coast Suns","Ethan Read (GCFC)","2"
2026,3,"GWS Giants","St Kilda","Callum Wilkie (STK)","10"
2026,3,"GWS Giants","St Kilda","Darcy Wilson (STK)","6"
2026,3,"GWS Giants","St Kilda","Jack Sinclair (STK)","6"
2026,3,"GWS Giants","St Kilda","Lachie Ash (GWS)","4"
2026,3,"GWS Giants","St Kilda","Clayton Oliver (GWS)","3"
2026,3,"GWS Giants","St Kilda","Ryan Angwin (GWS)","1"
2026,3,"Fremantle","Melbourne","Shai Bolton (FRE)","10"
2026,3,"Fremantle","Melbourne","Andrew Brayshaw (FRE)","6"
2026,3,"Fremantle","Melbourne","Max Gawn (MELB)","6"
2026,3,"Fremantle","Melbourne","Josh Treacy (FRE)","6"
2026,3,"Fremantle","Melbourne","Murphy Reid (FRE)","1"
2026,3,"Fremantle","Melbourne","Isaiah Dudley (FRE)","1"
2026,3,"Port Adelaide","Essendon","Zak Butters (PORT)","10"
2026,3,"Port Adelaide","Essendon","Jason Horne-Francis (PORT)","8"
2026,3,"Port Adelaide","Essendon","Aliir Aliir (PORT)","6"
2026,3,"Port Adelaide","Essendon","Jase Burgoyne (PORT)","2"
2026,3,"Port Adelaide","Essendon","Joe Richards (PORT)","2"
2026,3,"Port Adelaide","Essendon","Nate Caddy (ESS)","1"
2026,3,"Port Adelaide","Essendon","Jordon Sweet (PORT)","1"
2026,3,"West Coast Eagles","North Melbourne","Harley Reid (WCE)","10"
2026,3,"West Coast Eagles","North Melbourne","Tristan Xerri (NMFC)","6"
2026,3,"West Coast Eagles","North Melbourne","Nick Larkey (NMFC)","5"
2026,3,"West Coast Eagles","North Melbourne","Reuben Ginbey (WCE)","4"
2026,3,"West Coast Eagles","North Melbourne","Milan Murdock (WCE)","2"
2026,3,"West Coast Eagles","North Melbourne","Elliot Yeo (WCE)","2"
2026,3,"West Coast Eagles","North Melbourne","Jack Graham (WCE)","1"
2026,4,"Geelong Cats","Adelaide Crows","Bailey Smith (GEEL)","9"
2026,4,"Geelong Cats","Adelaide Crows","Joshua Rachele (ADEL)","6"
2026,4,"Geelong Cats","Adelaide Crows","Shaun Mannagh (GEEL)","5"
2026,4,"Geelong Cats","Adelaide Crows","Max Holmes (GEEL)","4"
2026,4,"Geelong Cats","Adelaide Crows","Sam De Koning (GEEL)","2"
2026,4,"Geelong Cats","Adelaide Crows","Tom Stewart (GEEL)","2"
2026,4,"Geelong Cats","Adelaide Crows","Gryan Miers (GEEL)","1"
2026,4,"Geelong Cats","Adelaide Crows","Oisin Mullin (GEEL)","1"
2026,4,"Collingwood","GWS Giants","Nick Daicos (COLL)","10"
2026,4,"Collingwood","GWS Giants","Finn Callaghan (GWS)","4"
2026,4,"Collingwood","GWS Giants","Josh Daicos (COLL)","4"
2026,4,"Collingwood","GWS Giants","Billy Frampton (COLL)","3"
2026,4,"Collingwood","GWS Giants","Clayton Oliver (GWS)","3"
2026,4,"Collingwood","GWS Giants","Jack Crisp (COLL)","2"
2026,4,"Collingwood","GWS Giants","Steele Sidebottom (COLL)","2"
2026,4,"Collingwood","GWS Giants","Tim Membrey (COLL)","1"
2026,4,"Collingwood","GWS Giants","Connor Idun (GWS)","1"
2026,4,"St Kilda","Brisbane Lions","Will Ashcroft (BL)","9"
2026,4,"St Kilda","Brisbane Lions","Jarrod Berry (BL)","9"
2026,4,"St Kilda","Brisbane Lions","Callum Wilkie (STK)","6"
2026,4,"St Kilda","Brisbane Lions","Zac Bailey (BL)","4"
2026,4,"St Kilda","Brisbane Lions","Nasiah Wanganeen-Milera (STK)","1"
2026,4,"St Kilda","Brisbane Lions","Dayne Zorko (BL)","1"
2026,4,"Fremantle","Richmond","Josh Treacy (FRE)","9"
2026,4,"Fremantle","Richmond","Caleb Serong (FRE)","9"
2026,4,"Fremantle","Richmond","Shai Bolton (FRE)","6"
2026,4,"Fremantle","Richmond","Jordan Clark (FRE)","3"
2026,4,"Fremantle","Richmond","Luke Jackson (FRE)","2"
2026,4,"Fremantle","Richmond","Tim Taranto (RICH)","1"
2026,4,"Essendon","North Melbourne","Finn O'Sullivan (NMFC)","9"
2026,4,"Essendon","North Melbourne","Harry Sheezel (NMFC)","5"
2026,4,"Essendon","North Melbourne","Colby McKercher (NMFC)","5"
2026,4,"Essendon","North Melbourne","Luke Parker (NMFC)","4"
2026,4,"Essendon","North Melbourne","Luke Davies-Uniacke (NMFC)","3"
2026,4,"Essendon","North Melbourne","Isaac Kako (ESS)","2"
2026,4,"Essendon","North Melbourne","Toby Pink (NMFC)","1"
2026,4,"Essendon","North Melbourne","Peter Wright (ESS)","1"
2026,4,"Port Adelaide","West Coast Eagles","Jake Waterman (WCE)","10"
2026,4,"Port Adelaide","West Coast Eagles","Zak Butters (PORT)","8"
2026,4,"Port Adelaide","West Coast Eagles","Harley Reid (WCE)","5"
2026,4,"Port Adelaide","West Coast Eagles","Tim Kelly (WCE)","5"
2026,4,"Port Adelaide","West Coast Eagles","Jobe Shanahan (WCE)","2"
2026,4,"Carlton","Melbourne","Kysaiah Pickett (MELB)","10"
2026,4,"Carlton","Melbourne","Jake Lever (MELB)","6"
2026,4,"Carlton","Melbourne","Max Gawn (MELB)","6"
2026,4,"Carlton","Melbourne","Jack Steele (MELB)","4"
2026,4,"Carlton","Melbourne","Bayley Fritsch (MELB)","2"
2026,4,"Carlton","Melbourne","Tom Sparrow (MELB)","1"
2026,4,"Carlton","Melbourne","Elijah Hollands (CARL)","1"
2026,5,"Brisbane Lions","Collingwood","Will Ashcroft (BL)","10"
2026,5,"Brisbane Lions","Collingwood","Zac Bailey (BL)","8"
2026,5,"Brisbane Lions","Collingwood","Logan Morris (BL)","4"
2026,5,"Brisbane Lions","Collingwood","Kai Lohmann (BL)","3"
2026,5,"Brisbane Lions","Collingwood","Darcy Wilmot (BL)","2"
2026,5,"Brisbane Lions","Collingwood","Lachie Neale (BL)","2"
2026,5,"Brisbane Lions","Collingwood","Sam Draper (BL)","1"
2026,5,"North Melbourne","Carlton","Caleb Daniel (NMFC)","10"
2026,5,"North Melbourne","Carlton","Cooper Trembath (NMFC)","5"
2026,5,"North Melbourne","Carlton","Luke Davies-Uniacke (NMFC)","4"
2026,5,"North Melbourne","Carlton","Dylan Stephens (NMFC)","3"
2026,5,"North Melbourne","Carlton","Ben Ainsworth (CARL)","3"
2026,5,"North Melbourne","Carlton","Elijah Hollands (CARL)","2"
2026,5,"North Melbourne","Carlton","Finn O'Sullivan (NMFC)","2"
2026,5,"North Melbourne","Carlton","Oliver Hollands (CARL)","1"
2026,5,"Adelaide Crows","Fremantle","Caleb Serong (FRE)","8"
2026,5,"Adelaide Crows","Fremantle","Alex Pearce (FRE)","5"
2026,5,"Adelaide Crows","Fremantle","Andrew Brayshaw (FRE)","4"
2026,5,"Adelaide Crows","Fremantle","Jye Amiss (FRE)","4"
2026,5,"Adelaide Crows","Fremantle","Murphy Reid (FRE)","3"
2026,5,"Adelaide Crows","Fremantle","Lachlan McAndrew (ADEL)","2"
2026,5,"Adelaide Crows","Fremantle","Wayne Milera (ADEL)","2"
2026,5,"Adelaide Crows","Fremantle","Josh Worrell (ADEL)","1"
2026,5,"Adelaide Crows","Fremantle","James Peatling (ADEL)","1"
2026,5,"Richmond","Port Adelaide","Aliir Aliir (PORT)","10"
2026,5,"Richmond","Port Adelaide","Zak Butters (PORT)","7"
2026,5,"Richmond","Port Adelaide","Darcy Byrne-Jones (PORT)","6"
2026,5,"Richmond","Port Adelaide","Kane Farrell (PORT)","5"
2026,5,"Richmond","Port Adelaide","Jordon Sweet (PORT)","2"
2026,5,"West Coast Eagles","Sydney Swans","Brodie Grundy (SYD)","9"
2026,5,"West Coast Eagles","Sydney Swans","Isaac Heeney (SYD)","9"
2026,5,"West Coast Eagles","Sydney Swans","Tom Papley (SYD)","5"
2026,5,"West Coast Eagles","Sydney Swans","Chad Warner (SYD)","3"
2026,5,"West Coast Eagles","Sydney Swans","Nick Blakey (SYD)","2"
2026,5,"West Coast Eagles","Sydney Swans","Jai Serong (SYD)","1"
2026,5,"West Coast Eagles","Sydney Swans","James Jordon (SYD)","1"
2026,5,"Melbourne","Gold Coast Suns","Max Gawn (MELB)","10"
2026,5,"Melbourne","Gold Coast Suns","Jack Steele (MELB)","8"
2026,5,"Melbourne","Gold Coast Suns","Kysaiah Pickett (MELB)","6"
2026,5,"Melbourne","Gold Coast Suns","Tom Sparrow (MELB)","4"
2026,5,"Melbourne","Gold Coast Suns","Jake Melksham (MELB)","2"
2026,5,"Western Bulldogs","Essendon","Marcus Bontempelli (WB)","9"
2026,5,"Western Bulldogs","Essendon","Matthew Kennedy (WB)","9"
2026,5,"Western Bulldogs","Essendon","Arthur Jones (WB)","4"
2026,5,"Western Bulldogs","Essendon","Zach Merrett (ESS)","3"
2026,5,"Western Bulldogs","Essendon","Sam Darcy (WB)","3"
2026,5,"Western Bulldogs","Essendon","Bailey Williams (WB)","2"
2026,5,"Hawthorn","Geelong Cats","Connor MacDonald (HAW)","7"
2026,5,"Hawthorn","Geelong Cats","Jarman Impey (HAW)","5"
2026,5,"Hawthorn","Geelong Cats","Tom Stewart (GEEL)","5"
2026,5,"Hawthorn","Geelong Cats","Jack Ginnivan (HAW)","4"
2026,5,"Hawthorn","Geelong Cats","Jack Gunston (HAW)","3"
2026,5,"Hawthorn","Geelong Cats","Nick Watson (HAW)","3"
2026,5,"Hawthorn","Geelong Cats","Bailey Smith (GEEL)","2"
2026,5,"Hawthorn","Geelong Cats","Joshua Weddle (HAW)","1"
2026,6,"Adelaide Crows","Carlton","Joshua Rachele (ADEL)","10"
2026,6,"Adelaide Crows","Carlton","Sam Berry (ADEL)","7"
2026,6,"Adelaide Crows","Carlton","Sam Walsh (CARL)","5"
2026,6,"Adelaide Crows","Carlton","Wayne Milera (ADEL)","4"
2026,6,"Adelaide Crows","Carlton","Marc Pittonet (CARL)","2"
2026,6,"Adelaide Crows","Carlton","Josh Worrell (ADEL)","1"
2026,6,"Adelaide Crows","Carlton","Alex Neal-Bullen (ADEL)","1"
2026,6,"Collingwood","Fremantle","Luke Jackson (FRE)","9"
2026,6,"Collingwood","Fremantle","Luke Ryan (FRE)","6"
2026,6,"Collingwood","Fremantle","Nick Daicos (COLL)","6"
2026,6,"Collingwood","Fremantle","Alex Pearce (FRE)","5"
2026,6,"Collingwood","Fremantle","Jack Crisp (COLL)","2"
2026,6,"Collingwood","Fremantle","Billy Frampton (COLL)","1"
2026,6,"Collingwood","Fremantle","Brayden Maynard (COLL)","1"
2026,6,"North Melbourne","Brisbane Lions","Lachie Neale (BL)","10"
2026,6,"North Melbourne","Brisbane Lions","Luke Davies-Uniacke (NMFC)","6"
2026,6,"North Melbourne","Brisbane Lions","Jy Simpkin (NMFC)","4"
2026,6,"North Melbourne","Brisbane Lions","Zac Bailey (BL)","4"
2026,6,"North Melbourne","Brisbane Lions","Jarrod Berry (BL)","4"
2026,6,"North Melbourne","Brisbane Lions","Luke Parker (NMFC)","1"
2026,6,"North Melbourne","Brisbane Lions","Sam Draper (BL)","1"
2026,6,"Essendon","Melbourne","Archie Roberts (ESS)","10"
2026,6,"Essendon","Melbourne","Darcy Parish (ESS)","7"
2026,6,"Essendon","Melbourne","Isaac Kako (ESS)","5"
2026,6,"Essendon","Melbourne","Zach Merrett (ESS)","4"
2026,6,"Essendon","Melbourne","Peter Wright (ESS)","3"
2026,6,"Essendon","Melbourne","Max Gawn (MELB)","1"
2026,6,"Sydney Swans","Gold Coast Suns","Isaac Heeney (SYD)","10"
2026,6,"Sydney Swans","Gold Coast Suns","Justin McInerney (SYD)","7"
2026,6,"Sydney Swans","Gold Coast Suns","Brodie Grundy (SYD)","6"
2026,6,"Sydney Swans","Gold Coast Suns","Callum Mills (SYD)","3"
2026,6,"Sydney Swans","Gold Coast Suns","Tom McCartin (SYD)","3"
2026,6,"Sydney Swans","Gold Coast Suns","Tom Papley (SYD)","1"
2026,6,"Hawthorn","Western Bulldogs","Jai Newcombe (HAW)","10"
2026,6,"Hawthorn","Western Bulldogs","Jack Ginnivan (HAW)","7"
2026,6,"Hawthorn","Western Bulldogs","Josh Battle (HAW)","6"
2026,6,"Hawthorn","Western Bulldogs","Tom Barrass (HAW)","3"
2026,6,"Hawthorn","Western Bulldogs","Blake Hardwick (HAW)","2"
2026,6,"Hawthorn","Western Bulldogs","Mitch Lewis (HAW)","1"
2026,6,"Hawthorn","Western Bulldogs","James O'Donnell (WB)","1"
2026,6,"Geelong Cats","West Coast Eagles","Max Holmes (GEEL)","9"
2026,6,"Geelong Cats","West Coast Eagles","Bailey Smith (GEEL)","9"
2026,6,"Geelong Cats","West Coast Eagles","Tanner Bruhn (GEEL)","6"
2026,6,"Geelong Cats","West Coast Eagles","Tom Atkins (GEEL)","3"
2026,6,"Geelong Cats","West Coast Eagles","Mark O'Connor (GEEL)","2"
2026,6,"Geelong Cats","West Coast Eagles","James Worpel (GEEL)","1"
2026,6,"GWS Giants","Richmond","Finn Callaghan (GWS)","10"
2026,6,"GWS Giants","Richmond","Clayton Oliver (GWS)","6"
2026,6,"GWS Giants","Richmond","Lachie Ash (GWS)","4"
2026,6,"GWS Giants","Richmond","Toby Greene (GWS)","3"
2026,6,"GWS Giants","Richmond","Jake Stringer (GWS)","3"
2026,6,"GWS Giants","Richmond","Aaron Cadman (GWS)","2"
2026,6,"GWS Giants","Richmond","Lachie Whitfield (GWS)","1"
2026,6,"GWS Giants","Richmond","Jayden Laverde (GWS)","1"
2026,6,"Port Adelaide","St Kilda","Nasiah Wanganeen-Milera (STK)","9"
2026,6,"Port Adelaide","St Kilda","Zak Butters (PORT)","9"
2026,6,"Port Adelaide","St Kilda","Callum Wilkie (STK)","4"
2026,6,"Port Adelaide","St Kilda","Jason Horne-Francis (PORT)","4"
2026,6,"Port Adelaide","St Kilda","Jack Silvagni (STK)","3"
2026,6,"Port Adelaide","St Kilda","Hugo Garcia (STK)","1"
2026,7,"Carlton","Collingwood","Nick Daicos (COLL)","10"
2026,7,"Carlton","Collingwood","Oliver Florent (CARL)","6"
2026,7,"Carlton","Collingwood","Jamie Elliott (COLL)","4"
2026,7,"Carlton","Collingwood","Patrick Lipinski (COLL)","3"
2026,7,"Carlton","Collingwood","Harry Perryman (COLL)","3"
2026,7,"Carlton","Collingwood","Sam Walsh (CARL)","2"
2026,7,"Carlton","Collingwood","Darcy Cameron (COLL)","2"
2026,7,"Geelong Cats","Western Bulldogs","Jeremy Cameron (GEEL)","10"
2026,7,"Geelong Cats","Western Bulldogs","Max Holmes (GEEL)","6"
2026,7,"Geelong Cats","Western Bulldogs","Bailey Smith (GEEL)","6"
2026,7,"Geelong Cats","Western Bulldogs","Lawson Humphries (GEEL)","4"
2026,7,"Geelong Cats","Western Bulldogs","Oisin Mullin (GEEL)","4"
2026,7,"Sydney Swans","GWS Giants","Nick Blakey (SYD)","10"
2026,7,"Sydney Swans","GWS Giants","Justin McInerney (SYD)","8"
2026,7,"Sydney Swans","GWS Giants","Clayton Oliver (GWS)","6"
2026,7,"Sydney Swans","GWS Giants","Brodie Grundy (SYD)","4"
2026,7,"Sydney Swans","GWS Giants","Lachie Ash (GWS)","1"
2026,7,"Sydney Swans","GWS Giants","Chad Warner (SYD)","1"
2026,7,"Gold Coast Suns","Essendon","Matt Rowell (GCFC)","9"
2026,7,"Gold Coast Suns","Essendon","Christian Petracca (GCFC)","8"
2026,7,"Gold Coast Suns","Essendon","Darcy Parish (ESS)","5"
2026,7,"Gold Coast Suns","Essendon","Zach Merrett (ESS)","4"
2026,7,"Gold Coast Suns","Essendon","Sam Collins (GCFC)","3"
2026,7,"Gold Coast Suns","Essendon","Touk Miller (GCFC)","1"
2026,7,"Hawthorn","Port Adelaide","Zak Butters (PORT)","8"
2026,7,"Hawthorn","Port Adelaide","Jason Horne-Francis (PORT)","8"
2026,7,"Hawthorn","Port Adelaide","Nick Watson (HAW)","8"
2026,7,"Hawthorn","Port Adelaide","Conor Nash (HAW)","2"
2026,7,"Hawthorn","Port Adelaide","Jarman Impey (HAW)","2"
2026,7,"Hawthorn","Port Adelaide","Mitch Lewis (HAW)","2"
2026,7,"Adelaide Crows","St Kilda","Taylor Walker (ADEL)","10"
2026,7,"Adelaide Crows","St Kilda","Jack Sinclair (STK)","5"
2026,7,"Adelaide Crows","St Kilda","Brayden Cook (ADEL)","4"
2026,7,"Adelaide Crows","St Kilda","Lachlan McAndrew (ADEL)","4"
2026,7,"Adelaide Crows","St Kilda","Callum Wilkie (STK)","3"
2026,7,"Adelaide Crows","St Kilda","Wayne Milera (ADEL)","3"
2026,7,"Adelaide Crows","St Kilda","Sam Berry (ADEL)","1"
2026,7,"North Melbourne","Richmond","Harry Sheezel (NMFC)","10"
2026,7,"North Melbourne","Richmond","Paul Curtis (NMFC)","8"
2026,7,"North Melbourne","Richmond","Colby McKercher (NMFC)","5"
2026,7,"North Melbourne","Richmond","Cameron Zurhaar (NMFC)","5"
2026,7,"North Melbourne","Richmond","George Wardlaw (NMFC)","1"
2026,7,"North Melbourne","Richmond","Luke Davies-Uniacke (NMFC)","1"
2026,7,"Melbourne","Brisbane Lions","Harris Andrews (BL)","8"
2026,7,"Melbourne","Brisbane Lions","Kade Chandler (MELB)","8"
2026,7,"Melbourne","Brisbane Lions","Harvey Langford (MELB)","8"
2026,7,"Melbourne","Brisbane Lions","Lachie Neale (BL)","3"
2026,7,"Melbourne","Brisbane Lions","Charlie Cameron (BL)","2"
2026,7,"Melbourne","Brisbane Lions","Kysaiah Pickett (MELB)","1"
2026,7,"West Coast Eagles","Fremantle","Jye Amiss (FRE)","10"
2026,7,"West Coast Eagles","Fremantle","Jordan Clark (FRE)","8"
2026,7,"West Coast Eagles","Fremantle","Murphy Reid (FRE)","5"
2026,7,"West Coast Eagles","Fremantle","Reuben Ginbey (WCE)","3"
2026,7,"West Coast Eagles","Fremantle","Caleb Serong (FRE)","2"
2026,7,"West Coast Eagles","Fremantle","Heath Chapman (FRE)","1"
2026,7,"West Coast Eagles","Fremantle","Luke Ryan (FRE)","1"
2026,8,"Western Bulldogs","Sydney Swans","Charlie Curnow (SYD)","10"
2026,8,"Western Bulldogs","Sydney Swans","Marcus Bontempelli (WB)","8"
2026,8,"Western Bulldogs","Sydney Swans","Brodie Grundy (SYD)","6"
2026,8,"Western Bulldogs","Sydney Swans","Tom McCartin (SYD)","4"
2026,8,"Western Bulldogs","Sydney Swans","Tom Papley (SYD)","2"
2026,8,"Richmond","Melbourne","Kysaiah Pickett (MELB)","10"
2026,8,"Richmond","Melbourne","Tom Sparrow (MELB)","8"
2026,8,"Richmond","Melbourne","Caleb Windsor (MELB)","6"
2026,8,"Richmond","Melbourne","Bayley Fritsch (MELB)","2"
2026,8,"Richmond","Melbourne","Jack Steele (MELB)","2"
2026,8,"Richmond","Melbourne","Blake Howes (MELB)","1"
2026,8,"Richmond","Melbourne","Max Gawn (MELB)","1"
2026,8,"Hawthorn","Gold Coast Suns","Jai Newcombe (HAW)","9"
2026,8,"Hawthorn","Gold Coast Suns","Jack Gunston (HAW)","7"
2026,8,"Hawthorn","Gold Coast Suns","Jarman Impey (HAW)","5"
2026,8,"Hawthorn","Gold Coast Suns","Josh Battle (HAW)","4"
2026,8,"Hawthorn","Gold Coast Suns","Karl Amon (HAW)","2"
2026,8,"Hawthorn","Gold Coast Suns","Connor MacDonald (HAW)","2"
2026,8,"Hawthorn","Gold Coast Suns","Jack Scrimshaw (HAW)","1"
2026,8,"Essendon","Collingwood","Scott Pendlebury (COLL)","10"
2026,8,"Essendon","Collingwood","Nick Daicos (COLL)","8"
2026,8,"Essendon","Collingwood","Jordan De Goey (COLL)","4"
2026,8,"Essendon","Collingwood","Josh Daicos (COLL)","3"
2026,8,"Essendon","Collingwood","Dan Houston (COLL)","2"
2026,8,"Essendon","Collingwood","Jack Crisp (COLL)","2"
2026,8,"Essendon","Collingwood","Roan Steele (COLL)","1"
2026,8,"Port Adelaide","Geelong Cats","Jason Horne-Francis (PORT)","10"
2026,8,"Port Adelaide","Geelong Cats","Mitchell Georgiades (PORT)","8"
2026,8,"Port Adelaide","Geelong Cats","Zak Butters (PORT)","6"
2026,8,"Port Adelaide","Geelong Cats","Jase Burgoyne (PORT)","3"
2026,8,"Port Adelaide","Geelong Cats","Jordon Sweet (PORT)","2"
2026,8,"Port Adelaide","Geelong Cats","Kane Farrell (PORT)","1"
2026,8,"Fremantle","Carlton","Shai Bolton (FRE)","9"
2026,8,"Fremantle","Carlton","Luke Jackson (FRE)","9"
2026,8,"Fremantle","Carlton","Sam Walsh (CARL)","5"
2026,8,"Fremantle","Carlton","Andrew Brayshaw (FRE)","4"
2026,8,"Fremantle","Carlton","Patrick Cripps (CARL)","2"
2026,8,"Fremantle","Carlton","Brodie Kemp (CARL)","1"
2026,8,"St Kilda","West Coast Eagles","Nasiah Wanganeen-Milera (STK)","7"
2026,8,"St Kilda","West Coast Eagles","Jack Higgins (STK)","7"
2026,8,"St Kilda","West Coast Eagles","Hugo Garcia (STK)","7"
2026,8,"St Kilda","West Coast Eagles","Callum Wilkie (STK)","7"
2026,8,"St Kilda","West Coast Eagles","Bradley Hill (STK)","1"
2026,8,"St Kilda","West Coast Eagles","Marcus Windhager (STK)","1"
2026,8,"Brisbane Lions","Adelaide Crows","Lachie Neale (BL)","10"
2026,8,"Brisbane Lions","Adelaide Crows","Charlie Cameron (BL)","8"
2026,8,"Brisbane Lions","Adelaide Crows","Zac Bailey (BL)","5"
2026,8,"Brisbane Lions","Adelaide Crows","Sam Draper (BL)","3"
2026,8,"Brisbane Lions","Adelaide Crows","Will Ashcroft (BL)","2"
2026,8,"Brisbane Lions","Adelaide Crows","Jordan Dawson (ADEL)","1"
2026,8,"Brisbane Lions","Adelaide Crows","Ty Gallop (BL)","1"
2026,8,"GWS Giants","North Melbourne","Toby Greene (GWS)","10"
2026,8,"GWS Giants","North Melbourne","Lachie Ash (GWS)","6"
2026,8,"GWS Giants","North Melbourne","Harry Sheezel (NMFC)","6"
2026,8,"GWS Giants","North Melbourne","Tristan Xerri (NMFC)","6"
2026,8,"GWS Giants","North Melbourne","Brent Daniels (GWS)","1"
2026,8,"GWS Giants","North Melbourne","Lachie Whitfield (GWS)","1"
2026,9,"Collingwood","Hawthorn","Connor MacDonald (HAW)","8"
2026,9,"Collingwood","Hawthorn","Dan Houston (COLL)","8"
2026,9,"Collingwood","Hawthorn","Jai Newcombe (HAW)","4"
2026,9,"Collingwood","Hawthorn","Massimo D'Ambrosio (HAW)","4"
2026,9,"Collingwood","Hawthorn","Nick Watson (HAW)","2"
2026,9,"Collingwood","Hawthorn","Nick Daicos (COLL)","2"
2026,9,"Collingwood","Hawthorn","Lachie Schultz (COLL)","1"
2026,9,"Collingwood","Hawthorn","Brayden Maynard (COLL)","1"
2026,9,"Western Bulldogs","Fremantle","Shai Bolton (FRE)","10"
2026,9,"Western Bulldogs","Fremantle","Luke Jackson (FRE)","8"
2026,9,"Western Bulldogs","Fremantle","Marcus Bontempelli (WB)","5"
2026,9,"Western Bulldogs","Fremantle","Hayden Young (FRE)","3"
2026,9,"Western Bulldogs","Fremantle","Bailey Dale (WB)","3"
2026,9,"Western Bulldogs","Fremantle","Josh Treacy (FRE)","1"
2026,9,"Adelaide Crows","Port Adelaide","Aliir Aliir (PORT)","8"
2026,9,"Adelaide Crows","Port Adelaide","Wayne Milera (ADEL)","8"
2026,9,"Adelaide Crows","Port Adelaide","Sam Berry (ADEL)","8"
2026,9,"Adelaide Crows","Port Adelaide","Joshua Rachele (ADEL)","2"
2026,9,"Adelaide Crows","Port Adelaide","Ollie Wines (PORT)","2"
2026,9,"Adelaide Crows","Port Adelaide","Brayden Cook (ADEL)","2"
2026,9,"Essendon","Brisbane Lions","Hugh McCluggage (BL)","9"
2026,9,"Essendon","Brisbane Lions","Darcy Wilmot (BL)","9"
2026,9,"Essendon","Brisbane Lions","Zac Bailey (BL)","4"
2026,9,"Essendon","Brisbane Lions","Cameron Rayner (BL)","3"
2026,9,"Essendon","Brisbane Lions","Kai Lohmann (BL)","2"
2026,9,"Essendon","Brisbane Lions","Ryan Lester (BL)","2"
2026,9,"Essendon","Brisbane Lions","Sam Durham (ESS)","1"
2026,9,"West Coast Eagles","Richmond","Noah Balta (RICH)","10"
2026,9,"West Coast Eagles","Richmond","Harley Reid (WCE)","6"
2026,9,"West Coast Eagles","Richmond","Jack Ross (RICH)","5"
2026,9,"West Coast Eagles","Richmond","Seth Campbell (RICH)","4"
2026,9,"West Coast Eagles","Richmond","Kane McAuliffe (RICH)","4"
2026,9,"West Coast Eagles","Richmond","Elliot Yeo (WCE)","1"
2026,9,"Geelong Cats","North Melbourne","Max Holmes (GEEL)","10"
2026,9,"Geelong Cats","North Melbourne","Tristan Xerri (NMFC)","8"
2026,9,"Geelong Cats","North Melbourne","Connor O'Sullivan (GEEL)","5"
2026,9,"Geelong Cats","North Melbourne","Shaun Mannagh (GEEL)","4"
2026,9,"Geelong Cats","North Melbourne","Oisin Mullin (GEEL)","2"
2026,9,"Geelong Cats","North Melbourne","Jy Simpkin (NMFC)","1"
2026,9,"Carlton","St Kilda","Rowan Marshall (STK)","10"
2026,9,"Carlton","St Kilda","Cooper Sharman (STK)","7"
2026,9,"Carlton","St Kilda","Nasiah Wanganeen-Milera (STK)","5"
2026,9,"Carlton","St Kilda","Bradley Hill (STK)","4"
2026,9,"Carlton","St Kilda","Max Hall (STK)","2"
2026,9,"Carlton","St Kilda","Mitch Owens (STK)","2"
2026,9,"Sydney Swans","Melbourne","Malcolm Rosas Jr (SYD)","10"
2026,9,"Sydney Swans","Melbourne","Brodie Grundy (SYD)","8"
2026,9,"Sydney Swans","Melbourne","Isaac Heeney (SYD)","5"
2026,9,"Sydney Swans","Melbourne","Kysaiah Pickett (MELB)","4"
2026,9,"Sydney Swans","Melbourne","Justin McInerney (SYD)","2"
2026,9,"Sydney Swans","Melbourne","Joel Amartey (SYD)","1"
2026,9,"Gold Coast Suns","GWS Giants","Christian Petracca (GCFC)","9"
2026,9,"Gold Coast Suns","GWS Giants","John Noble (GCFC)","9"
2026,9,"Gold Coast Suns","GWS Giants","Finn Callaghan (GWS)","4"
2026,9,"Gold Coast Suns","GWS Giants","Bodhi Uwland (GCFC)","3"
2026,9,"Gold Coast Suns","GWS Giants","Mac Andrew (GCFC)","2"
2026,9,"Gold Coast Suns","GWS Giants","Noah Anderson (GCFC)","2"
2026,9,"Gold Coast Suns","GWS Giants","Clayton Oliver (GWS)","1"
2026,10,"Fremantle","Hawthorn","Luke Jackson (FRE)","10"
2026,10,"Fremantle","Hawthorn","Jack Gunston (HAW)","8"
2026,10,"Fremantle","Hawthorn","Michael Frederick (FRE)","5"
2026,10,"Fremantle","Hawthorn","Caleb Serong (FRE)","5"
2026,10,"Fremantle","Hawthorn","Nick Watson (HAW)","1"
2026,10,"Fremantle","Hawthorn","Jai Newcombe (HAW)","1"
2026,10,"Brisbane Lions","Carlton","Ryan Lester (BL)","9"
2026,10,"Brisbane Lions","Carlton","Lachie Neale (BL)","9"
2026,10,"Brisbane Lions","Carlton","Patrick Cripps (CARL)","4"
2026,10,"Brisbane Lions","Carlton","Sam Walsh (CARL)","3"
2026,10,"Brisbane Lions","Carlton","Levi Ashcroft (BL)","2"
2026,10,"Brisbane Lions","Carlton","Harry McKay (CARL)","2"
2026,10,"Brisbane Lions","Carlton","Bruce Reville (BL)","1"
2026,10,"Port Adelaide","Western Bulldogs","Marcus Bontempelli (WB)","9"
2026,10,"Port Adelaide","Western Bulldogs","Ryley Sanders (WB)","6"
2026,10,"Port Adelaide","Western Bulldogs","Michael Sellwood (WB)","4"
2026,10,"Port Adelaide","Western Bulldogs","Bailey Dale (WB)","3"
2026,10,"Port Adelaide","Western Bulldogs","Mitchell Georgiades (PORT)","3"
2026,10,"Port Adelaide","Western Bulldogs","Zak Butters (PORT)","2"
2026,10,"Port Adelaide","Western Bulldogs","Tim English (WB)","2"
2026,10,"Port Adelaide","Western Bulldogs","Ed Richards (WB)","1"
2026,10,"North Melbourne","Sydney Swans","Luke Davies-Uniacke (NMFC)","10"
2026,10,"North Melbourne","Sydney Swans","Harry Sheezel (NMFC)","5"
2026,10,"North Melbourne","Sydney Swans","Luke Parker (NMFC)","4"
2026,10,"North Melbourne","Sydney Swans","Isaac Heeney (SYD)","4"
2026,10,"North Melbourne","Sydney Swans","Colby McKercher (NMFC)","3"
2026,10,"North Melbourne","Sydney Swans","Nick Blakey (SYD)","2"
2026,10,"North Melbourne","Sydney Swans","Finn O'Sullivan (NMFC)","1"
2026,10,"North Melbourne","Sydney Swans","Callum Mills (SYD)","1"
2026,10,"GWS Giants","Essendon","Lachie Ash (GWS)","5"
2026,10,"GWS Giants","Essendon","Finn Callaghan (GWS)","5"
2026,10,"GWS Giants","Essendon","Lachie Whitfield (GWS)","4"
2026,10,"GWS Giants","Essendon","Archie Roberts (ESS)","4"
2026,10,"GWS Giants","Essendon","Sam Durham (ESS)","3"
2026,10,"GWS Giants","Essendon","Peter Wright (ESS)","3"
2026,10,"GWS Giants","Essendon","Toby Greene (GWS)","3"
2026,10,"GWS Giants","Essendon","Brent Daniels (GWS)","2"
2026,10,"GWS Giants","Essendon","Clayton Oliver (GWS)","1"
2026,10,"Gold Coast Suns","St Kilda","Daniel Rioli (GCFC)","9"
2026,10,"Gold Coast Suns","St Kilda","Bodhi Uwland (GCFC)","8"
2026,10,"Gold Coast Suns","St Kilda","John Noble (GCFC)","7"
2026,10,"Gold Coast Suns","St Kilda","Noah Anderson (GCFC)","4"
2026,10,"Gold Coast Suns","St Kilda","Bailey Humphrey (GCFC)","1"
2026,10,"Gold Coast Suns","St Kilda","Mac Andrew (GCFC)","1"
2026,10,"Geelong Cats","Collingwood","Bailey Smith (GEEL)","10"
2026,10,"Geelong Cats","Collingwood","Oisin Mullin (GEEL)","7"
2026,10,"Geelong Cats","Collingwood","Jordan De Goey (COLL)","4"
2026,10,"Geelong Cats","Collingwood","Max Holmes (GEEL)","4"
2026,10,"Geelong Cats","Collingwood","Scott Pendlebury (COLL)","3"
2026,10,"Geelong Cats","Collingwood","Shannon Neale (GEEL)","1"
2026,10,"Geelong Cats","Collingwood","Shaun Mannagh (GEEL)","1"
2026,10,"Melbourne","West Coast Eagles","Kade Chandler (MELB)","10"
2026,10,"Melbourne","West Coast Eagles","Jacob Van Rooyen (MELB)","7"
2026,10,"Melbourne","West Coast Eagles","Tom Sparrow (MELB)","4"
2026,10,"Melbourne","West Coast Eagles","Jake Waterman (WCE)","3"
2026,10,"Melbourne","West Coast Eagles","Ed Langdon (MELB)","3"
2026,10,"Melbourne","West Coast Eagles","Harley Reid (WCE)","2"
2026,10,"Melbourne","West Coast Eagles","Brady Hough (WCE)","1"
2026,10,"Richmond","Adelaide Crows","Izak Rankine (ADEL)","10"
2026,10,"Richmond","Adelaide Crows","Jordan Dawson (ADEL)","7"
2026,10,"Richmond","Adelaide Crows","Wayne Milera (ADEL)","7"
2026,10,"Richmond","Adelaide Crows","Rory Laird (ADEL)","2"
2026,10,"Richmond","Adelaide Crows","Tim Taranto (RICH)","2"
2026,10,"Richmond","Adelaide Crows","Josh Worrell (ADEL)","1"
2026,10,"Richmond","Adelaide Crows","Alex Neal-Bullen (ADEL)","1"
2026,11,"Fremantle","Hawthorn","Luke Jackson (FRE)","10"
2026,11,"Fremantle","Hawthorn","Jack Gunston (HAW)","8"
2026,11,"Fremantle","Hawthorn","Michael Frederick (FRE)","5"
2026,11,"Fremantle","Hawthorn","Caleb Serong (FRE)","5"
2026,11,"Fremantle","Hawthorn","Nick Watson (HAW)","1"
2026,11,"Fremantle","Hawthorn","Jai Newcombe (HAW)","1"
2026,11,"Brisbane Lions","Carlton","Ryan Lester (BL)","9"
2026,11,"Brisbane Lions","Carlton","Lachie Neale (BL)","9"
2026,11,"Brisbane Lions","Carlton","Patrick Cripps (CARL)","4"
2026,11,"Brisbane Lions","Carlton","Sam Walsh (CARL)","3"
2026,11,"Brisbane Lions","Carlton","Levi Ashcroft (BL)","2"
2026,11,"Brisbane Lions","Carlton","Harry McKay (CARL)","2"
2026,11,"Brisbane Lions","Carlton","Bruce Reville (BL)","1"
2026,11,"Port Adelaide","Western Bulldogs","Marcus Bontempelli (WB)","9"
2026,11,"Port Adelaide","Western Bulldogs","Ryley Sanders (WB)","6"
2026,11,"Port Adelaide","Western Bulldogs","Michael Sellwood (WB)","4"
2026,11,"Port Adelaide","Western Bulldogs","Bailey Dale (WB)","3"
2026,11,"Port Adelaide","Western Bulldogs","Mitchell Georgiades (PORT)","3"
2026,11,"Port Adelaide","Western Bulldogs","Zak Butters (PORT)","2"
2026,11,"Port Adelaide","Western Bulldogs","Tim English (WB)","2"
2026,11,"Port Adelaide","Western Bulldogs","Ed Richards (WB)","1"
2026,11,"North Melbourne","Sydney Swans","Luke Davies-Uniacke (NMFC)","10"
2026,11,"North Melbourne","Sydney Swans","Harry Sheezel (NMFC)","5"
2026,11,"North Melbourne","Sydney Swans","Luke Parker (NMFC)","4"
2026,11,"North Melbourne","Sydney Swans","Isaac Heeney (SYD)","4"
2026,11,"North Melbourne","Sydney Swans","Colby McKercher (NMFC)","3"
2026,11,"North Melbourne","Sydney Swans","Nick Blakey (SYD)","2"
2026,11,"North Melbourne","Sydney Swans","Finn O'Sullivan (NMFC)","1"
2026,11,"North Melbourne","Sydney Swans","Callum Mills (SYD)","1"
2026,11,"GWS Giants","Essendon","Lachie Ash (GWS)","5"
2026,11,"GWS Giants","Essendon","Finn Callaghan (GWS)","5"
2026,11,"GWS Giants","Essendon","Lachie Whitfield (GWS)","4"
2026,11,"GWS Giants","Essendon","Archie Roberts (ESS)","4"
2026,11,"GWS Giants","Essendon","Sam Durham (ESS)","3"
2026,11,"GWS Giants","Essendon","Peter Wright (ESS)","3"
2026,11,"GWS Giants","Essendon","Toby Greene (GWS)","3"
2026,11,"GWS Giants","Essendon","Brent Daniels (GWS)","2"
2026,11,"GWS Giants","Essendon","Clayton Oliver (GWS)","1"
2026,11,"Gold Coast Suns","St Kilda","Daniel Rioli (GCFC)","9"
2026,11,"Gold Coast Suns","St Kilda","Bodhi Uwland (GCFC)","8"
2026,11,"Gold Coast Suns","St Kilda","John Noble (GCFC)","7"
2026,11,"Gold Coast Suns","St Kilda","Noah Anderson (GCFC)","4"
2026,11,"Gold Coast Suns","St Kilda","Bailey Humphrey (GCFC)","1"
2026,11,"Gold Coast Suns","St Kilda","Mac Andrew (GCFC)","1"
2026,11,"Geelong Cats","Collingwood","Bailey Smith (GEEL)","10"
2026,11,"Geelong Cats","Collingwood","Oisin Mullin (GEEL)","7"
2026,11,"Geelong Cats","Collingwood","Jordan De Goey (COLL)","4"
2026,11,"Geelong Cats","Collingwood","Max Holmes (GEEL)","4"
2026,11,"Geelong Cats","Collingwood","Scott Pendlebury (COLL)","3"
2026,11,"Geelong Cats","Collingwood","Shannon Neale (GEEL)","1"
2026,11,"Geelong Cats","Collingwood","Shaun Mannagh (GEEL)","1"
2026,11,"Melbourne","West Coast Eagles","Kade Chandler (MELB)","10"
2026,11,"Melbourne","West Coast Eagles","Jacob Van Rooyen (MELB)","7"
2026,11,"Melbourne","West Coast Eagles","Tom Sparrow (MELB)","4"
2026,11,"Melbourne","West Coast Eagles","Jake Waterman (WCE)","3"
2026,11,"Melbourne","West Coast Eagles","Ed Langdon (MELB)","3"
2026,11,"Melbourne","West Coast Eagles","Harley Reid (WCE)","2"
2026,11,"Melbourne","West Coast Eagles","Brady Hough (WCE)","1"
2026,11,"Richmond","Adelaide Crows","Izak Rankine (ADEL)","10"
2026,11,"Richmond","Adelaide Crows","Jordan Dawson (ADEL)","7"
2026,11,"Richmond","Adelaide Crows","Wayne Milera (ADEL)","7"
2026,11,"Richmond","Adelaide Crows","Rory Laird (ADEL)","2"
2026,11,"Richmond","Adelaide Crows","Tim Taranto (RICH)","2"
2026,11,"Richmond","Adelaide Crows","Josh Worrell (ADEL)","1"
2026,11,"Richmond","Adelaide Crows","Alex Neal-Bullen (ADEL)","1"
2026,12,"Fremantle","Hawthorn","Luke Jackson (FRE)","10"
2026,12,"Fremantle","Hawthorn","Jack Gunston (HAW)","8"
2026,12,"Fremantle","Hawthorn","Michael Frederick (FRE)","5"
2026,12,"Fremantle","Hawthorn","Caleb Serong (FRE)","5"
2026,12,"Fremantle","Hawthorn","Nick Watson (HAW)","1"
2026,12,"Fremantle","Hawthorn","Jai Newcombe (HAW)","1"
2026,12,"Brisbane Lions","Carlton","Ryan Lester (BL)","9"
2026,12,"Brisbane Lions","Carlton","Lachie Neale (BL)","9"
2026,12,"Brisbane Lions","Carlton","Patrick Cripps (CARL)","4"
2026,12,"Brisbane Lions","Carlton","Sam Walsh (CARL)","3"
2026,12,"Brisbane Lions","Carlton","Levi Ashcroft (BL)","2"
2026,12,"Brisbane Lions","Carlton","Harry McKay (CARL)","2"
2026,12,"Brisbane Lions","Carlton","Bruce Reville (BL)","1"
2026,12,"Port Adelaide","Western Bulldogs","Marcus Bontempelli (WB)","9"
2026,12,"Port Adelaide","Western Bulldogs","Ryley Sanders (WB)","6"
2026,12,"Port Adelaide","Western Bulldogs","Michael Sellwood (WB)","4"
2026,12,"Port Adelaide","Western Bulldogs","Bailey Dale (WB)","3"
2026,12,"Port Adelaide","Western Bulldogs","Mitchell Georgiades (PORT)","3"
2026,12,"Port Adelaide","Western Bulldogs","Zak Butters (PORT)","2"
2026,12,"Port Adelaide","Western Bulldogs","Tim English (WB)","2"
2026,12,"Port Adelaide","Western Bulldogs","Ed Richards (WB)","1"
2026,12,"North Melbourne","Sydney Swans","Luke Davies-Uniacke (NMFC)","10"
2026,12,"North Melbourne","Sydney Swans","Harry Sheezel (NMFC)","5"
2026,12,"North Melbourne","Sydney Swans","Luke Parker (NMFC)","4"
2026,12,"North Melbourne","Sydney Swans","Isaac Heeney (SYD)","4"
2026,12,"North Melbourne","Sydney Swans","Colby McKercher (NMFC)","3"
2026,12,"North Melbourne","Sydney Swans","Nick Blakey (SYD)","2"
2026,12,"North Melbourne","Sydney Swans","Finn O'Sullivan (NMFC)","1"
2026,12,"North Melbourne","Sydney Swans","Callum Mills (SYD)","1"
2026,12,"GWS Giants","Essendon","Lachie Ash (GWS)","5"
2026,12,"GWS Giants","Essendon","Finn Callaghan (GWS)","5"
2026,12,"GWS Giants","Essendon","Lachie Whitfield (GWS)","4"
2026,12,"GWS Giants","Essendon","Archie Roberts (ESS)","4"
2026,12,"GWS Giants","Essendon","Sam Durham (ESS)","3"
2026,12,"GWS Giants","Essendon","Peter Wright (ESS)","3"
2026,12,"GWS Giants","Essendon","Toby Greene (GWS)","3"
2026,12,"GWS Giants","Essendon","Brent Daniels (GWS)","2"
2026,12,"GWS Giants","Essendon","Clayton Oliver (GWS)","1"
2026,12,"Gold Coast Suns","St Kilda","Daniel Rioli (GCFC)","9"
2026,12,"Gold Coast Suns","St Kilda","Bodhi Uwland (GCFC)","8"
2026,12,"Gold Coast Suns","St Kilda","John Noble (GCFC)","7"
2026,12,"Gold Coast Suns","St Kilda","Noah Anderson (GCFC)","4"
2026,12,"Gold Coast Suns","St Kilda","Bailey Humphrey (GCFC)","1"
2026,12,"Gold Coast Suns","St Kilda","Mac Andrew (GCFC)","1"
2026,12,"Geelong Cats","Collingwood","Bailey Smith (GEEL)","10"
2026,12,"Geelong Cats","Collingwood","Oisin Mullin (GEEL)","7"
2026,12,"Geelong Cats","Collingwood","Jordan De Goey (COLL)","4"
2026,12,"Geelong Cats","Collingwood","Max Holmes (GEEL)","4"
2026,12,"Geelong Cats","Collingwood","Scott Pendlebury (COLL)","3"
2026,12,"Geelong Cats","Collingwood","Shannon Neale (GEEL)","1"
2026,12,"Geelong Cats","Collingwood","Shaun Mannagh (GEEL)","1"
2026,12,"Melbourne","West Coast Eagles","Kade Chandler (MELB)","10"
2026,12,"Melbourne","West Coast Eagles","Jacob Van Rooyen (MELB)","7"
2026,12,"Melbourne","West Coast Eagles","Tom Sparrow (MELB)","4"
2026,12,"Melbourne","West Coast Eagles","Jake Waterman (WCE)","3"
2026,12,"Melbourne","West Coast Eagles","Ed Langdon (MELB)","3"
2026,12,"Melbourne","West Coast Eagles","Harley Reid (WCE)","2"
2026,12,"Melbourne","West Coast Eagles","Brady Hough (WCE)","1"
2026,12,"Richmond","Adelaide Crows","Izak Rankine (ADEL)","10"
2026,12,"Richmond","Adelaide Crows","Jordan Dawson (ADEL)","7"
2026,12,"Richmond","Adelaide Crows","Wayne Milera (ADEL)","7"
2026,12,"Richmond","Adelaide Crows","Rory Laird (ADEL)","2"
2026,12,"Richmond","Adelaide Crows","Tim Taranto (RICH)","2"
2026,12,"Richmond","Adelaide Crows","Josh Worrell (ADEL)","1"
2026,12,"Richmond","Adelaide Crows","Alex Neal-Bullen (ADEL)","1"
