Player,Team,Actual_Votes,Games_Played,Avg_Predicted_Per_Game,Remaining_Rounds,Projected_Remaining,Season_Total_Projected,Floor_Projection,Ceiling_Projection
Nick Daicos,Collingwood,0,10,1.8041,11,19.85,19.85,13.0,23.0
Bailey Smith,Geelong,0,11,1.5498,11,17.05,17.05,11.0,23.0
Christian Petracca,Gold Coast,0,9,1.3541,11,14.9,14.9,7.0,18.0
Isaac Heeney,Sydney,0,9,1.3208,11,14.53,14.53,7.0,17.0
Marcus Bontempelli,Western Bulldogs,0,11,1.3045,11,14.35,14.35,9.0,20.0
Zak Butters,Port Adelaide,0,11,1.231,11,13.54,13.54,8.0,19.0
Shai Bolton,Fremantle,0,11,1.1065,11,12.17,12.17,6.0,18.0
Lachie Neale,Brisbane Lions,0,11,1.0807,11,11.89,11.89,6.0,18.0
Clayton Oliver,Greater Western Sydney,0,11,1.0093,11,11.1,11.1,6.0,16.0
Max Holmes,Geelong,0,11,1.0093,11,11.1,11.1,6.0,17.0
Caleb Serong,Fremantle,0,10,0.9499,11,10.45,10.45,5.0,15.0
Jai Newcombe,Hawthorn,0,11,0.9421,11,10.36,10.36,5.0,16.0
Harry Sheezel,North Melbourne,0,11,0.9267,11,10.19,10.19,5.0,16.0
Nasiah Wanganeen-Milera,St Kilda,0,8,0.8948,11,9.84,9.84,3.0,12.0
Patrick Cripps,Carlton,0,11,0.865,11,9.52,9.52,4.0,15.0
Jordan Dawson,Adelaide,0,8,0.8477,11,9.32,9.32,3.0,11.0
Jason Horne-Francis,Port Adelaide,0,11,0.8439,11,9.28,9.28,5.0,14.0
Brodie Grundy,Sydney,0,11,0.7592,11,8.35,8.35,3.0,14.0
Kysaiah Pickett,Melbourne,0,11,0.756,11,8.32,8.32,3.0,14.0
Errol Gulden,Sydney,0,2,0.6887,11,7.58,7.58,0.0,3.0
Ed Richards,Western Bulldogs,0,10,0.6749,11,7.42,7.42,3.0,12.0
Will Ashcroft,Brisbane Lions,0,11,0.6694,11,7.36,7.36,3.0,12.0
Luke Davies-Uniacke,North Melbourne,0,11,0.6629,11,7.29,7.29,3.0,12.0
Harley Reid,West Coast,0,11,0.6622,11,7.28,7.28,3.0,12.0
Matt Rowell,Gold Coast,0,6,0.6594,11,7.25,7.25,0.0,8.0
Jack Gunston,Hawthorn,0,8,0.6042,11,6.65,6.65,1.0,8.0
Noah Anderson,Gold Coast,0,10,0.6024,11,6.63,6.63,2.0,10.0
Justin McInerney,Sydney,0,11,0.6023,11,6.63,6.63,2.0,11.0
Izak Rankine,Adelaide,0,10,0.573,11,6.3,6.3,1.0,10.0
Tom Sparrow,Melbourne,0,11,0.556,11,6.12,6.12,2.0,11.0
Hugo Garcia,St Kilda,0,11,0.5536,11,6.09,6.09,2.0,11.0
Tom Liberatore,Western Bulldogs,0,4,0.5509,11,6.06,6.06,0.0,5.0
Finn Callaghan,Greater Western Sydney,0,11,0.529,11,5.82,5.82,2.0,10.0
Zac Bailey,Brisbane Lions,0,10,0.5242,11,5.77,5.77,2.0,9.0
Nick Blakey,Sydney,0,11,0.49,11,5.39,5.39,1.0,10.0
Darcy Parish,Essendon,0,10,0.4899,11,5.39,5.39,1.0,9.0
Max Gawn,Melbourne,0,11,0.4854,11,5.34,5.34,1.0,10.0
Luke Jackson,Fremantle,0,11,0.4852,11,5.34,5.34,1.0,10.0
Sam Walsh,Carlton,0,11,0.4658,11,5.12,5.12,1.0,9.0
Wayne Milera,Adelaide,0,11,0.4645,11,5.11,5.11,1.0,9.0
Matthew Kennedy,Western Bulldogs,0,11,0.4524,11,4.98,4.98,1.0,9.0
Toby Greene,Greater Western Sydney,0,11,0.4496,11,4.95,4.95,1.0,9.0
Murphy Reid,Fremantle,0,11,0.4504,11,4.95,4.95,1.0,9.0
Sam Berry,Adelaide,0,11,0.417,11,4.59,4.59,1.0,9.0
Shaun Mannagh,Geelong,0,11,0.4141,11,4.56,4.56,1.0,9.0
John Noble,Gold Coast,0,11,0.391,11,4.3,4.3,1.0,8.0
Jack Steele,Melbourne,0,11,0.3883,11,4.27,4.27,1.0,8.0
Max Hall,St Kilda,0,11,0.3868,11,4.25,4.25,0.0,8.0
Scott Pendlebury,Collingwood,0,8,0.3863,11,4.25,4.25,0.0,6.0
Jeremy Cameron,Geelong,0,10,0.3825,11,4.21,4.21,0.0,8.0
Tristan Xerri,North Melbourne,0,8,0.3742,11,4.12,4.12,0.0,6.0
Archie Roberts,Essendon,0,11,0.3714,11,4.09,4.09,0.0,8.0
Andrew Brayshaw,Fremantle,0,11,0.3669,11,4.04,4.04,0.0,8.0
Josh Rachele,Adelaide,0,11,0.3667,11,4.03,4.03,0.0,8.0
Josh Treacy,Fremantle,0,11,0.3279,11,3.61,3.61,0.0,7.0
Touk Miller,Gold Coast,0,11,0.3189,11,3.51,3.51,0.0,7.0
Jarrod Berry,Brisbane Lions,0,6,0.3079,11,3.39,3.39,0.0,5.0
Charlie Curnow,Sydney,0,10,0.2911,11,3.2,3.2,0.0,6.0
Ryley Sanders,Western Bulldogs,0,10,0.2899,11,3.19,3.19,0.0,6.0
Jack Sinclair,St Kilda,0,11,0.2878,11,3.17,3.17,0.0,6.0
Nick Watson,Hawthorn,0,11,0.2844,11,3.13,3.13,0.0,6.0
Zach Merrett,Essendon,0,11,0.284,11,3.12,3.12,0.0,6.0
Jake Stringer,Greater Western Sydney,0,11,0.2831,11,3.11,3.11,0.0,6.0
Jye Amiss,Fremantle,0,11,0.2824,11,3.11,3.11,0.0,7.0
Joel Freijah,Western Bulldogs,0,11,0.2772,11,3.05,3.05,0.0,6.0
Taylor Walker,Adelaide,0,7,0.2721,11,2.99,2.99,0.0,5.0
Hugh McCluggage,Brisbane Lions,0,8,0.2656,11,2.92,2.92,0.0,5.0
Jacob van Rooyen,Melbourne,0,11,0.2622,11,2.88,2.88,0.0,6.0
Chad Warner,Sydney,0,11,0.2583,11,2.84,2.84,0.0,6.0
Lachie Ash,Greater Western Sydney,0,11,0.2576,11,2.83,2.83,0.0,6.0
Connor Macdonald,Hawthorn,0,11,0.2554,11,2.81,2.81,0.0,6.0
Rowan Marshall,St Kilda,0,10,0.2532,11,2.79,2.79,0.0,6.0
Callum Wilkie,St Kilda,0,11,0.2522,11,2.77,2.77,0.0,6.0
Ben King,Gold Coast,0,11,0.2517,11,2.77,2.77,0.0,6.0
Tim Taranto,Richmond,0,9,0.2442,11,2.69,2.69,0.0,5.0
Noah Balta,Richmond,0,10,0.2322,11,2.55,2.55,0.0,6.0
Bodhi Uwland,Gold Coast,0,11,0.2281,11,2.51,2.51,0.0,6.0
Malcolm Rosas,Sydney,0,10,0.2134,11,2.35,2.35,0.0,5.0
Kade Chandler,Melbourne,0,11,0.2022,11,2.22,2.22,0.0,5.0
Jake Waterman,West Coast,0,11,0.1962,11,2.16,2.16,0.0,6.0
Aliir Aliir,Port Adelaide,0,11,0.1952,11,2.15,2.15,0.0,5.0
Darcy Wilmot,Brisbane Lions,0,11,0.1902,11,2.09,2.09,0.0,5.0
Josh Daicos,Collingwood,0,11,0.1871,11,2.06,2.06,0.0,5.0
Lachie Whitfield,Greater Western Sydney,0,10,0.1842,11,2.03,2.03,0.0,4.0
Lawson Humphries,Geelong,0,11,0.1826,11,2.01,2.01,0.0,5.0
Harvey Langford,Melbourne,0,11,0.178,11,1.96,1.96,0.0,5.0
Ollie Wines,Port Adelaide,0,8,0.1784,11,1.96,1.96,0.0,4.0
Kane McAuliffe,Richmond,0,6,0.1723,11,1.9,1.9,0.0,3.0
Aaron Naughton,Western Bulldogs,0,11,0.1717,11,1.89,1.89,0.0,5.0
Jagga Smith,Carlton,0,11,0.1716,11,1.89,1.89,0.0,5.0
Jack Macrae,St Kilda,0,6,0.1706,11,1.88,1.88,0.0,3.0
Jordan Clark,Fremantle,0,11,0.1654,11,1.82,1.82,0.0,4.0
Charlie Cameron,Brisbane Lions,0,11,0.1655,11,1.82,1.82,0.0,4.0
Tim Kelly,West Coast,0,10,0.1649,11,1.81,1.81,0.0,4.0
Patrick Voss,Fremantle,0,10,0.1642,11,1.81,1.81,0.0,4.0
Brent Daniels,Greater Western Sydney,0,6,0.1616,11,1.78,1.78,0.0,3.0
Caleb Daniel,North Melbourne,0,11,0.1619,11,1.78,1.78,0.0,5.0
Jack Ginnivan,Hawthorn,0,11,0.1586,11,1.74,1.74,0.0,4.0
Tom Papley,Sydney,0,11,0.1552,11,1.71,1.71,0.0,4.0
Darcy Cameron,Collingwood,0,10,0.1548,11,1.7,1.7,0.0,4.0
Jarman Impey,Hawthorn,0,11,0.1532,11,1.69,1.69,0.0,4.0
Joel Amartey,Sydney,0,11,0.1535,11,1.69,1.69,0.0,4.0
Jack Higgins,St Kilda,0,8,0.151,11,1.66,1.66,0.0,3.0
Bailey Dale,Western Bulldogs,0,11,0.1485,11,1.63,1.63,0.0,4.0
Colby McKercher,North Melbourne,0,11,0.1472,11,1.62,1.62,0.0,4.0
Josh Ward,Hawthorn,0,11,0.1461,11,1.61,1.61,0.0,4.0
Luke Parker,North Melbourne,0,11,0.1451,11,1.6,1.6,0.0,4.0
Mitch Georgiades,Port Adelaide,0,11,0.1439,11,1.58,1.58,0.0,4.0
Paul Curtis,North Melbourne,0,11,0.141,11,1.55,1.55,0.0,4.0
Jayden Short,Richmond,0,10,0.138,11,1.52,1.52,0.0,4.0
James Peatling,Adelaide,0,11,0.1372,11,1.51,1.51,0.0,4.0
Charlie Comben,North Melbourne,0,10,0.1355,11,1.49,1.49,0.0,4.0
Jack Ross,Richmond,0,11,0.1333,11,1.47,1.47,0.0,4.0
Nick Larkey,North Melbourne,0,11,0.1294,11,1.42,1.42,0.0,3.0
George Hewett,Carlton,0,7,0.129,11,1.42,1.42,0.0,3.0
Tom Atkins,Geelong,0,11,0.1278,11,1.41,1.41,0.0,4.0
Caleb Windsor,Melbourne,0,10,0.1271,11,1.4,1.4,0.0,3.0
Dayne Zorko,Brisbane Lions,0,7,0.1261,11,1.39,1.39,0.0,3.0
Bailey Humphrey,Gold Coast,0,8,0.1261,11,1.39,1.39,0.0,3.0
Jack Crisp,Collingwood,0,11,0.1236,11,1.36,1.36,0.0,4.0
Shannon Neale,Geelong,0,11,0.1231,11,1.35,1.35,0.0,3.0
Conor Nash,Hawthorn,0,10,0.1227,11,1.35,1.35,0.0,3.0
Dan Houston,Collingwood,0,11,0.1215,11,1.34,1.34,0.0,3.0
Hayden Young,Fremantle,0,5,0.1189,11,1.31,1.31,0.0,2.0
Dylan Stephens,North Melbourne,0,11,0.1154,11,1.27,1.27,0.0,3.0
Tanner Bruhn,Geelong,0,10,0.1112,11,1.22,1.22,0.0,3.0
Michael Frederick,Fremantle,0,6,0.1081,11,1.19,1.19,0.0,2.0
Jy Simpkin,North Melbourne,0,11,0.1036,11,1.14,1.14,0.0,3.0
Blake Hardwick,Hawthorn,0,11,0.1008,11,1.11,1.11,0.0,3.0
Dylan Moore,Hawthorn,0,10,0.0982,11,1.08,1.08,0.0,3.0
Tim Membrey,Collingwood,0,7,0.0977,11,1.07,1.07,0.0,2.0
Daniel Rioli,Gold Coast,0,11,0.0962,11,1.06,1.06,0.0,3.0
Jarrod Witts,Gold Coast,0,9,0.0927,11,1.02,1.02,0.0,3.0
Riley Bice,Sydney,0,11,0.093,11,1.02,1.02,0.0,3.0
Marcus Windhager,St Kilda,0,11,0.0927,11,1.02,1.02,0.0,3.0
Bailey Williams (West Coast),West Coast,0,7,0.0906,11,1.0,1.0,0.0,2.0
Tom Stewart,Geelong,0,11,0.0907,11,1.0,1.0,0.0,3.0
Riley Thilthorpe,Adelaide,0,10,0.0898,11,0.99,0.99,0.0,3.0
Jake Melksham,Melbourne,0,2,0.0883,11,0.97,0.97,0.0,1.0
Phoenix Gothard,Greater Western Sydney,0,11,0.0846,11,0.93,0.93,0.0,3.0
Oliver Florent,Carlton,0,11,0.0814,11,0.9,0.9,0.0,3.0
Luke Ryan,Fremantle,0,10,0.0822,11,0.9,0.9,0.0,3.0
Darcy Wilson,St Kilda,0,10,0.0773,11,0.85,0.85,0.0,2.0
James Worpel,Geelong,0,6,0.0764,11,0.84,0.84,0.0,2.0
Daniel Turner,Melbourne,0,9,0.0755,11,0.83,0.83,0.0,2.0
Finn OSullivan,North Melbourne,0,9,0.0739,11,0.81,0.81,0.0,2.0
Stephen Coniglio,Greater Western Sydney,0,10,0.0724,11,0.8,0.8,0.0,3.0
Kane Farrell,Port Adelaide,0,11,0.0725,11,0.8,0.8,0.0,3.0
Sam Darcy,Western Bulldogs,0,6,0.0716,11,0.79,0.79,0.0,2.0
Jordan de Goey,Collingwood,0,10,0.0708,11,0.78,0.78,0.0,2.0
Deven Robertson,West Coast,0,4,0.0665,11,0.73,0.73,0.0,1.0
Cooper Sharman,St Kilda,0,11,0.0623,11,0.69,0.69,0.0,2.0
Bailey Williams (Western Bulldogs),Western Bulldogs,0,10,0.0615,11,0.68,0.68,0.0,2.0
Elijah Tsatas,Essendon,0,3,0.0613,11,0.67,0.67,0.0,1.0
Tom McCartin,Sydney,0,9,0.0609,11,0.67,0.67,0.0,2.0
Jake Bowey,Melbourne,0,3,0.061,11,0.67,0.67,0.0,1.0
Rory Laird,Adelaide,0,9,0.0611,11,0.67,0.67,0.0,2.0
Ryan Lester,Brisbane Lions,0,10,0.0604,11,0.66,0.66,0.0,2.0
Nathan ODriscoll,Fremantle,0,4,0.0588,11,0.65,0.65,0.0,1.0
Matt Carroll,Carlton,0,10,0.057,11,0.63,0.63,0.0,2.0
Logan Morris,Brisbane Lions,0,10,0.0561,11,0.62,0.62,0.0,2.0
Josh Worrell,Adelaide,0,11,0.0561,11,0.62,0.62,0.0,2.0
Hayden McLean,Sydney,0,1,0.0562,11,0.62,0.62,0.0,0.0
Karl Amon,Hawthorn,0,10,0.055,11,0.6,0.6,0.0,2.0
Joel Jeffrey,Gold Coast,0,10,0.0549,11,0.6,0.6,0.0,2.0
Sam Flanders,St Kilda,0,11,0.0536,11,0.59,0.59,0.0,2.0
Kai Lohmann,Brisbane Lions,0,11,0.0523,11,0.58,0.58,0.0,2.0
Jase Burgoyne,Port Adelaide,0,11,0.0515,11,0.57,0.57,0.0,2.0
Ed Langdon,Melbourne,0,11,0.0513,11,0.56,0.56,0.0,2.0
Josh Battle,Hawthorn,0,11,0.0501,11,0.55,0.55,0.0,2.0
Bayley Fritsch,Melbourne,0,10,0.0496,11,0.55,0.55,0.0,2.0
Aaron Cadman,Greater Western Sydney,0,6,0.0496,11,0.55,0.55,0.0,1.0
Sam Collins,Gold Coast,0,11,0.0501,11,0.55,0.55,0.0,2.0
Jai Serong,Sydney,0,10,0.0481,11,0.53,0.53,0.0,2.0
Harris Andrews,Brisbane Lions,0,8,0.0476,11,0.52,0.52,0.0,2.0
Cooper Trembath,North Melbourne,0,11,0.046,11,0.51,0.51,0.0,2.0
Willem Drew,Port Adelaide,0,11,0.0459,11,0.5,0.5,0.0,2.0
James Sicily,Hawthorn,0,10,0.0437,11,0.48,0.48,0.0,2.0
Will Hayward,Carlton,0,10,0.0425,11,0.47,0.47,0.0,2.0
Alex Davies,Gold Coast,0,6,0.0428,11,0.47,0.47,0.0,1.0
Patrick Retschko,Richmond,0,6,0.0422,11,0.46,0.46,0.0,1.0
Elliot Yeo,West Coast,0,9,0.0419,11,0.46,0.46,0.0,1.0
Harvey Thomas,Greater Western Sydney,0,11,0.0407,11,0.45,0.45,0.0,2.0
Cam Mackenzie,Hawthorn,0,9,0.0413,11,0.45,0.45,0.0,2.0
Alex Neal-Bullen,Adelaide,0,10,0.04,11,0.44,0.44,0.0,2.0
Oisin Mullin,Geelong,0,11,0.0403,11,0.44,0.44,0.0,2.0
Ned Moyle,Gold Coast,0,4,0.0393,11,0.43,0.43,0.0,1.0
Tom Barrass,Hawthorn,0,9,0.0388,11,0.43,0.43,0.0,2.0
Sam Draper,Brisbane Lions,0,10,0.0378,11,0.42,0.42,0.0,2.0
Darcy Byrne-Jones,Port Adelaide,0,11,0.038,11,0.42,0.42,0.0,2.0
Isaac Kako,Essendon,0,6,0.0377,11,0.41,0.41,0.0,1.0
Peter Wright,Essendon,0,10,0.0363,11,0.4,0.4,0.0,1.0
Mitch Lewis,Hawthorn,0,11,0.0364,11,0.4,0.4,0.0,1.0
Oliver Henry,Geelong,0,10,0.0351,11,0.39,0.39,0.0,1.0
Jordon Sweet,Port Adelaide,0,10,0.0353,11,0.39,0.39,0.0,1.0
Angus Sheldrick,Sydney,0,10,0.0344,11,0.38,0.38,0.0,1.0
Mitch Owens,St Kilda,0,9,0.0338,11,0.37,0.37,0.0,1.0
Jacob Hopper,Richmond,0,10,0.0316,11,0.35,0.35,0.0,1.0
Sam Durham,Essendon,0,11,0.0321,11,0.35,0.35,0.0,2.0
Tim English,Western Bulldogs,0,6,0.0305,11,0.34,0.34,0.0,1.0
Harry McKay,Carlton,0,10,0.0313,11,0.34,0.34,0.0,1.0
Bradley Hill,St Kilda,0,11,0.0298,11,0.33,0.33,0.0,1.0
Finn Maginness,Hawthorn,0,5,0.0303,11,0.33,0.33,0.0,1.0
Karl Worner,Fremantle,0,11,0.0288,11,0.32,0.32,0.0,1.0
Seth Campbell,Richmond,0,11,0.0294,11,0.32,0.32,0.0,1.0
Tom McCarthy,West Coast,0,11,0.0287,11,0.32,0.32,0.0,1.0
Steele Sidebottom,Collingwood,0,10,0.0283,11,0.31,0.31,0.0,1.0
Ben Keays,Adelaide,0,11,0.0282,11,0.31,0.31,0.0,1.0
Jamie Elliott,Collingwood,0,11,0.0281,11,0.31,0.31,0.0,1.0
Callum Mills,Sydney,0,11,0.028,11,0.31,0.31,0.0,1.0
Gryan Miers,Geelong,0,7,0.0283,11,0.31,0.31,0.0,1.0
Elijah Hollands,Carlton,0,6,0.0276,11,0.3,0.3,0.0,1.0
Jack Graham,West Coast,0,5,0.0264,11,0.29,0.29,0.0,0.0
James Rowbottom,Sydney,0,11,0.026,11,0.29,0.29,0.0,1.0
Connor Rozee,Port Adelaide,0,2,0.0254,11,0.28,0.28,0.0,0.0
Matt Roberts,Sydney,0,9,0.0252,11,0.28,0.28,0.0,1.0
George Wardlaw,North Melbourne,0,8,0.0232,11,0.26,0.26,0.0,1.0
Milan Murdock,West Coast,0,8,0.0235,11,0.26,0.26,0.0,1.0
Ethan Read,Gold Coast,0,9,0.0228,11,0.25,0.25,0.0,1.0
Jack Lukosius,Port Adelaide,0,4,0.0222,11,0.24,0.24,0.0,0.0
Oliver Dempsey,Geelong,0,11,0.0214,11,0.24,0.24,0.0,1.0
Christian Salem,Melbourne,0,5,0.0214,11,0.24,0.24,0.0,0.0
Patrick Lipinski,Collingwood,0,10,0.021,11,0.23,0.23,0.0,1.0
Jack Darling,North Melbourne,0,10,0.0205,11,0.23,0.23,0.0,1.0
Toby Nankervis,Richmond,0,2,0.0205,11,0.23,0.23,0.0,0.0
Connor Budarick,Western Bulldogs,0,8,0.0199,11,0.22,0.22,0.0,1.0
Jye Caldwell,Essendon,0,10,0.0197,11,0.22,0.22,0.0,1.0
Lachie Jaques,Western Bulldogs,0,7,0.0199,11,0.22,0.22,0.0,0.0
Brayden Cook,Adelaide,0,11,0.0188,11,0.21,0.21,0.0,1.0
Sullivan Robey,Essendon,0,7,0.0187,11,0.21,0.21,0.0,0.0
Jake Lever,Melbourne,0,11,0.0185,11,0.2,0.2,0.0,1.0
Josh Dunkley,Brisbane Lions,0,11,0.0182,11,0.2,0.2,0.0,1.0
Levi Ashcroft,Brisbane Lions,0,11,0.017,11,0.19,0.19,0.0,1.0
Sam Lalor,Richmond,0,7,0.0172,11,0.19,0.19,0.0,0.0
Tom De Koning,St Kilda,0,11,0.0171,11,0.19,0.19,0.0,1.0
Jake Soligo,Adelaide,0,9,0.0172,11,0.19,0.19,0.0,0.0
Jake Lloyd,Sydney,0,11,0.0177,11,0.19,0.19,0.0,1.0
Joe Richards,Port Adelaide,0,11,0.0163,11,0.18,0.18,0.0,1.0
Corey Wagner,Fremantle,0,10,0.0166,11,0.18,0.18,0.0,1.0
Ned Long,Collingwood,0,10,0.0167,11,0.18,0.18,0.0,1.0
Mac Andrew,Gold Coast,0,11,0.016,11,0.18,0.18,0.0,1.0
Adam Cerra,Carlton,0,8,0.0152,11,0.17,0.17,0.0,0.0
Jack Watkins,Port Adelaide,0,9,0.0157,11,0.17,0.17,0.0,0.0
Rhys Stanley,Geelong,0,1,0.0145,11,0.16,0.16,0.0,0.0
Brayden Maynard,Collingwood,0,11,0.0144,11,0.16,0.16,0.0,0.0
Jaeger OMeara,Fremantle,0,3,0.015,11,0.16,0.16,0.0,0.0
Conor Stone,Greater Western Sydney,0,1,0.0139,11,0.15,0.15,0.0,0.0
Liam Henry,St Kilda,0,4,0.0134,11,0.15,0.15,0.0,0.0
Cameron Zurhaar,North Melbourne,0,11,0.0138,11,0.15,0.15,0.0,0.0
Cooper Lord,Carlton,0,3,0.0134,11,0.15,0.15,0.0,0.0
Xavier Duursma,Essendon,0,11,0.014,11,0.15,0.15,0.0,1.0
Christian Moraes,Port Adelaide,0,6,0.0136,11,0.15,0.15,0.0,0.0
Jack Williams,West Coast,0,3,0.0124,11,0.14,0.14,0.0,0.0
Jordan Ridley,Essendon,0,2,0.0123,11,0.14,0.14,0.0,0.0
Marc Pittonet,Carlton,0,10,0.0127,11,0.14,0.14,0.0,0.0
Arthur Jones,Western Bulldogs,0,6,0.0129,11,0.14,0.14,0.0,0.0
Willem Duursma,West Coast,0,11,0.0125,11,0.14,0.14,0.0,0.0
Trent Rivers,Melbourne,0,4,0.0126,11,0.14,0.14,0.0,0.0
Wil Powell,Gold Coast,0,11,0.0119,11,0.13,0.13,0.0,0.0
Harry Perryman,Collingwood,0,8,0.0119,11,0.13,0.13,0.0,0.0
Charlie Edwards,Adelaide,0,2,0.0115,11,0.13,0.13,0.0,0.0
Sam Cumming,Richmond,0,5,0.0116,11,0.13,0.13,0.0,0.0
Patrick Dangerfield,Geelong,0,7,0.0115,11,0.13,0.13,0.0,0.0
Jack Silvagni,St Kilda,0,11,0.0121,11,0.13,0.13,0.0,0.0
Lachlan McAndrew,Adelaide,0,11,0.012,11,0.13,0.13,0.0,0.0
Tom Powell,North Melbourne,0,8,0.0113,11,0.12,0.12,0.0,0.0
Massimo DAmbrosio,Hawthorn,0,11,0.0108,11,0.12,0.12,0.0,0.0
Lachie Schultz,Collingwood,0,11,0.0106,11,0.12,0.12,0.0,0.0
Rory Lobb,Western Bulldogs,0,8,0.0112,11,0.12,0.12,0.0,0.0
Jack Martin,Geelong,0,10,0.0107,11,0.12,0.12,0.0,0.0
Isaac Quaynor,Collingwood,0,11,0.0108,11,0.12,0.12,0.0,0.0
Heath Chapman,Fremantle,0,11,0.0108,11,0.12,0.12,0.0,0.0
Jack Ison,Carlton,0,2,0.0104,11,0.11,0.11,0.0,0.0
Sam De Koning,Geelong,0,10,0.0104,11,0.11,0.11,0.0,0.0
Jayden Laverde,Greater Western Sydney,0,11,0.0104,11,0.11,0.11,0.0,0.0
Koltyn Tholstrup,Melbourne,0,11,0.0102,11,0.11,0.11,0.0,0.0
Lachie Weller,Gold Coast,0,10,0.0093,11,0.1,0.1,0.0,0.0
Cam Rayner,Brisbane Lions,0,11,0.0094,11,0.1,0.1,0.0,0.0
Liam Baker,West Coast,0,10,0.0088,11,0.1,0.1,0.0,0.0
Jaspa Fletcher,Brisbane Lions,0,11,0.0094,11,0.1,0.1,0.0,0.0
James Jordon,Sydney,0,11,0.0095,11,0.1,0.1,0.0,0.0
Jeremy Howe,Collingwood,0,8,0.0083,11,0.09,0.09,0.0,0.0
Mark Blicavs,Geelong,0,8,0.0086,11,0.09,0.09,0.0,0.0
Brennan Cox,Fremantle,0,9,0.0081,11,0.09,0.09,0.0,0.0
Mattaes Phillipou,St Kilda,0,11,0.0078,11,0.09,0.09,0.0,0.0
Jack Carroll,St Kilda,0,11,0.0083,11,0.09,0.09,0.0,0.0
Kyle Langford,Essendon,0,11,0.008,11,0.09,0.09,0.0,0.0
Zach Guthrie,Geelong,0,11,0.008,11,0.09,0.09,0.0,0.0
Isaiah Dudley,Fremantle,0,11,0.0085,11,0.09,0.09,0.0,0.0
Jack Bowes,Geelong,0,6,0.0081,11,0.09,0.09,0.0,0.0
Brody Mihocek,Melbourne,0,8,0.0078,11,0.09,0.09,0.0,0.0
Jack Scrimshaw,Hawthorn,0,6,0.0078,11,0.09,0.09,0.0,0.0
Neil Erasmus,Fremantle,0,11,0.0079,11,0.09,0.09,0.0,0.0
Ned Reeves,Hawthorn,0,10,0.0085,11,0.09,0.09,0.0,0.0
Joe Fonti,Greater Western Sydney,0,10,0.0085,11,0.09,0.09,0.0,0.0
Judd McVee,Fremantle,0,10,0.0083,11,0.09,0.09,0.0,0.0
Mason Wood,St Kilda,0,10,0.0079,11,0.09,0.09,0.0,0.0
Matthew Johnson,Fremantle,0,11,0.0075,11,0.08,0.08,0.0,0.0
Mark OConnor,Geelong,0,9,0.0073,11,0.08,0.08,0.0,0.0
Mason Redman,Essendon,0,5,0.007,11,0.08,0.08,0.0,0.0
Zac Williams,Carlton,0,9,0.0076,11,0.08,0.08,0.0,0.0
Tom Lynch,Richmond,0,7,0.0069,11,0.08,0.08,0.0,0.0
Jordon Butts,Adelaide,0,8,0.0076,11,0.08,0.08,0.0,0.0
Sam Wicks,Sydney,0,11,0.007,11,0.08,0.08,0.0,0.0
Bruce Reville,Brisbane Lions,0,11,0.0072,11,0.08,0.08,0.0,0.0
Oscar Allen,Brisbane Lions,0,7,0.0077,11,0.08,0.08,0.0,0.0
Reuben Ginbey,West Coast,0,11,0.007,11,0.08,0.08,0.0,0.0
Jacob Weitering,Carlton,0,9,0.0075,11,0.08,0.08,0.0,0.0
Alex Pearce,Fremantle,0,9,0.0074,11,0.08,0.08,0.0,0.0
Callum Coleman-Jones,North Melbourne,0,4,0.0075,11,0.08,0.08,0.0,0.0
Paddy Cross,Melbourne,0,5,0.0064,11,0.07,0.07,0.0,0.0
Tom Blamires,North Melbourne,0,9,0.0063,11,0.07,0.07,0.0,0.0
Keidean Coleman,Brisbane Lions,0,11,0.0065,11,0.07,0.07,0.0,0.0
Mitch McGovern,Carlton,0,11,0.0062,11,0.07,0.07,0.0,0.0
Lincoln McCarthy,Brisbane Lions,0,8,0.0064,11,0.07,0.07,0.0,0.0
Henry Hustwaite,Hawthorn,0,1,0.0068,11,0.07,0.07,0.0,0.0
Rhyan Mansell,Richmond,0,1,0.0053,11,0.06,0.06,0.0,0.0
Will Brodie,Port Adelaide,0,1,0.0058,11,0.06,0.06,0.0,0.0
Roan Steele,Collingwood,0,11,0.0054,11,0.06,0.06,0.0,0.0
Darcy Fort,Brisbane Lions,0,10,0.0058,11,0.06,0.06,0.0,0.0
Sam Switkowski,Fremantle,0,11,0.0059,11,0.06,0.06,0.0,0.0
Jake Riccardi,Greater Western Sydney,0,9,0.0055,11,0.06,0.06,0.0,0.0
Billy Frampton,Collingwood,0,11,0.0058,11,0.06,0.06,0.0,0.0
Ben Ainsworth,Carlton,0,11,0.0058,11,0.06,0.06,0.0,0.0
Jobe Shanahan,West Coast,0,11,0.0055,11,0.06,0.06,0.0,0.0
Isaac Cumming,Adelaide,0,9,0.0055,11,0.06,0.06,0.0,0.0
Tom Brown,Richmond,0,7,0.0056,11,0.06,0.06,0.0,0.0
Connor Idun,Greater Western Sydney,0,11,0.0051,11,0.06,0.06,0.0,0.0
Beau McCreery,Collingwood,0,10,0.0052,11,0.06,0.06,0.0,0.0
Billy Wilson,Carlton,0,3,0.0054,11,0.06,0.06,0.0,0.0
Toby Pink,North Melbourne,0,5,0.0058,11,0.06,0.06,0.0,0.0
Xavier OHalloran,Greater Western Sydney,0,8,0.0055,11,0.06,0.06,0.0,0.0
Nic Newman,Carlton,0,8,0.0057,11,0.06,0.06,0.0,0.0
Toby Bedford,Greater Western Sydney,0,7,0.005,11,0.06,0.06,0.0,0.0
Angus Anderson,Collingwood,0,6,0.0051,11,0.06,0.06,0.0,0.0
Nick Haynes,Carlton,0,7,0.0052,11,0.06,0.06,0.0,0.0
Dion Prestia,Richmond,0,7,0.0054,11,0.06,0.06,0.0,0.0
Liam Duggan,West Coast,0,11,0.0041,11,0.05,0.05,0.0,0.0
Buku Khamis,Western Bulldogs,0,11,0.0044,11,0.05,0.05,0.0,0.0
Jed Walter,Gold Coast,0,6,0.0048,11,0.05,0.05,0.0,0.0
Kieren Briggs,Greater Western Sydney,0,8,0.0046,11,0.05,0.05,0.0,0.0
Nate Caddy,Essendon,0,10,0.0044,11,0.05,0.05,0.0,0.0
Toby Murray,Adelaide,0,6,0.0044,11,0.05,0.05,0.0,0.0
Ryan Angwin,Greater Western Sydney,0,9,0.0046,11,0.05,0.05,0.0,0.0
Brodie Kemp,Carlton,0,11,0.0049,11,0.05,0.05,0.0,0.0
Logan Evans,Port Adelaide,0,11,0.0045,11,0.05,0.05,0.0,0.0
Nick Madden,Greater Western Sydney,0,3,0.0043,11,0.05,0.05,0.0,0.0
Jamarra Ugle-Hagan,Gold Coast,0,3,0.0043,11,0.05,0.05,0.0,0.0
Tom McDonald,Melbourne,0,3,0.0046,11,0.05,0.05,0.0,0.0
Joe Berry,Port Adelaide,0,11,0.0046,11,0.05,0.05,0.0,0.0
Lloyd Meek,Hawthorn,0,11,0.0046,11,0.05,0.05,0.0,0.0
Blake Howes,Melbourne,0,11,0.0038,11,0.04,0.04,0.0,0.0
Jack Whitlock,Port Adelaide,0,11,0.0034,11,0.04,0.04,0.0,0.0
Archie May,Essendon,0,9,0.0034,11,0.04,0.04,0.0,0.0
Oliver Hollands,Carlton,0,9,0.0036,11,0.04,0.04,0.0,0.0
Harry Sharp,Melbourne,0,11,0.0034,11,0.04,0.04,0.0,0.0
Ryan Byrnes,St Kilda,0,3,0.0038,11,0.04,0.04,0.0,0.0
Oscar McDonald,Fremantle,0,4,0.0034,11,0.04,0.04,0.0,0.0
Josh Weddle,Hawthorn,0,11,0.004,11,0.04,0.04,0.0,0.0
Harry Petty,Melbourne,0,10,0.004,11,0.04,0.04,0.0,0.0
Michael Sellwood,Western Bulldogs,0,11,0.0035,11,0.04,0.04,0.0,0.0
Josh Lindsay,West Coast,0,10,0.0034,11,0.04,0.04,0.0,0.0
Sam Clohesy,Gold Coast,0,7,0.0037,11,0.04,0.04,0.0,0.0
Connor OSullivan,Geelong,0,11,0.0039,11,0.04,0.04,0.0,0.0
Zane Duursma,North Melbourne,0,11,0.004,11,0.04,0.04,0.0,0.0
Francis Evans,Carlton,0,9,0.0024,11,0.03,0.03,0.0,0.0
Dougal Howard,St Kilda,0,6,0.003,11,0.03,0.03,0.0,0.0
Ben Long,Gold Coast,0,10,0.0026,11,0.03,0.03,0.0,0.0
Jesse Hogan,Greater Western Sydney,0,7,0.0027,11,0.03,0.03,0.0,0.0
Ty Gallop,Brisbane Lions,0,9,0.0023,11,0.03,0.03,0.0,0.0
Dane Rampe,Sydney,0,8,0.0026,11,0.03,0.03,0.0,0.0
Nick Vlastuin,Richmond,0,10,0.0024,11,0.03,0.03,0.0,0.0
Sam Butler,Hawthorn,0,7,0.0024,11,0.03,0.03,0.0,0.0
Ben McKay,Essendon,0,9,0.0029,11,0.03,0.03,0.0,0.0
Logan McDonald,Sydney,0,11,0.0024,11,0.03,0.03,0.0,0.0
Andrew McGrath,Essendon,0,11,0.0031,11,0.03,0.03,0.0,0.0
Leo Lombard,Gold Coast,0,11,0.0024,11,0.03,0.03,0.0,0.0
Will Graham,Gold Coast,0,10,0.0026,11,0.03,0.03,0.0,0.0
Harry Himmelberg,Greater Western Sydney,0,11,0.0024,11,0.03,0.03,0.0,0.0
Oskar Baker,Western Bulldogs,0,9,0.0029,11,0.03,0.03,0.0,0.0
Miles Bergman,Port Adelaide,0,8,0.0026,11,0.03,0.03,0.0,0.0
Xavier Lindsay,Melbourne,0,5,0.0031,11,0.03,0.03,0.0,0.0
Jamie Cripps,West Coast,0,5,0.0031,11,0.03,0.03,0.0,0.0
Jack Henry,Geelong,0,7,0.0023,11,0.03,0.03,0.0,0.0
Conor McKenna,Brisbane Lions,0,5,0.0024,11,0.03,0.03,0.0,0.0
Harry Rowston,Greater Western Sydney,0,4,0.0023,11,0.03,0.03,0.0,0.0
Calsher Dear,Hawthorn,0,4,0.0029,11,0.03,0.03,0.0,0.0
Bailey Laurie,Melbourne,0,7,0.0023,11,0.03,0.03,0.0,0.0
Ben Miller,Richmond,0,11,0.0023,11,0.03,0.03,0.0,0.0
Steely Green,Richmond,0,11,0.0028,11,0.03,0.03,0.0,0.0
Hamish Davis,West Coast,0,11,0.0027,11,0.03,0.03,0.0,0.0
Rhylee West,Western Bulldogs,0,11,0.0028,11,0.03,0.03,0.0,0.0
Luke McDonald,North Melbourne,0,11,0.003,11,0.03,0.03,0.0,0.0
Matt Flynn,West Coast,0,4,0.0027,11,0.03,0.03,0.0,0.0
Adam Treloar,Western Bulldogs,0,2,0.0028,11,0.03,0.03,0.0,0.0
Zac Taylor,Adelaide,0,9,0.0018,11,0.02,0.02,0.0,0.0
Jack Buckley,Greater Western Sydney,0,9,0.0018,11,0.02,0.02,0.0,0.0
James Borlase,Adelaide,0,6,0.0022,11,0.02,0.02,0.0,0.0
Ewan Mackinlay,Port Adelaide,0,11,0.0016,11,0.02,0.02,0.0,0.0
Brad Close,Geelong,0,9,0.0015,11,0.02,0.02,0.0,0.0
Daniel McStay,Collingwood,0,11,0.0018,11,0.02,0.02,0.0,0.0
Nick Murray,Adelaide,0,8,0.0022,11,0.02,0.02,0.0,0.0
Tylar Young,West Coast,0,11,0.0017,11,0.02,0.02,0.0,0.0
Will Setterfield,Essendon,0,1,0.0022,11,0.02,0.02,0.0,0.0
Callum Brown,Greater Western Sydney,0,6,0.0022,11,0.02,0.02,0.0,0.0
Mabior Chol,Hawthorn,0,6,0.002,11,0.02,0.02,0.0,0.0
Ryan Maric,West Coast,0,6,0.002,11,0.02,0.02,0.0,0.0
Liam Ryan,St Kilda,0,7,0.0016,11,0.02,0.02,0.0,0.0
Max Gruzewski,Greater Western Sydney,0,7,0.0016,11,0.02,0.02,0.0,0.0
Corey Durdin,Port Adelaide,0,11,0.0016,11,0.02,0.02,0.0,0.0
Lachlan Cowan,Carlton,0,10,0.0022,11,0.02,0.02,0.0,0.0
Jaxon Prior,Essendon,0,10,0.0017,11,0.02,0.02,0.0,0.0
Tyler Sonsie,Richmond,0,9,0.0019,11,0.02,0.02,0.0,0.0
Sean Darcy,Fremantle,0,5,0.0017,11,0.02,0.02,0.0,0.0
Zak Johnson,Essendon,0,5,0.0016,11,0.02,0.02,0.0,0.0
Dyson Sharp,Essendon,0,5,0.002,11,0.02,0.02,0.0,0.0
Luke Trainor,Richmond,0,6,0.0016,11,0.02,0.02,0.0,0.0
Darcy Fogarty,Adelaide,0,5,0.0022,11,0.02,0.02,0.0,0.0
Luke Nankervis,Adelaide,0,5,0.0014,11,0.02,0.02,0.0,0.0
Todd Marshall,Port Adelaide,0,6,0.0016,11,0.02,0.02,0.0,0.0
Jake Kolodjashnij,Geelong,0,5,0.0019,11,0.02,0.02,0.0,0.0
Jake Rogers,Gold Coast,0,5,0.0015,11,0.02,0.02,0.0,0.0
Edward Allan,Collingwood,0,6,0.0014,11,0.02,0.02,0.0,0.0
Darcy Gardiner,Brisbane Lions,0,4,0.0016,11,0.02,0.02,0.0,0.0
Will Edwards,Sydney,0,5,0.0014,11,0.02,0.02,0.0,0.0
Lachlan Gulbin,Gold Coast,0,6,0.0022,11,0.02,0.02,0.0,0.0
Matthew Jefferson,Melbourne,0,6,0.0022,11,0.02,0.02,0.0,0.0
Lachie Jones,Port Adelaide,0,9,0.0017,11,0.02,0.02,0.0,0.0
Mitchell Edwards,Geelong,0,9,0.0015,11,0.02,0.02,0.0,0.0
Harry Morrison,Hawthorn,0,3,0.0016,11,0.02,0.02,0.0,0.0
Chayce Jones,Adelaide,0,3,0.0017,11,0.02,0.02,0.0,0.0
Jackson Mead,Port Adelaide,0,2,0.0019,11,0.02,0.02,0.0,0.0
Charlie Banfield,St Kilda,0,2,0.0015,11,0.02,0.02,0.0,0.0
Nick Holman,Gold Coast,0,2,0.0015,11,0.02,0.02,0.0,0.0
Joel Hamling,Sydney,0,2,0.002,11,0.02,0.02,0.0,0.0
Jhye Clark,Geelong,0,3,0.0014,11,0.02,0.02,0.0,0.0
Nick Coffield,Western Bulldogs,0,4,0.0014,11,0.02,0.02,0.0,0.0
Jonty Faull,Richmond,0,10,0.0016,11,0.02,0.02,0.0,0.0
Changkuoth Jiath,Melbourne,0,8,0.0016,11,0.02,0.02,0.0,0.0
Sam Banks,Richmond,0,6,0.0022,11,0.02,0.02,0.0,0.0
Cooper Duff-Tytler,West Coast,0,9,0.0014,11,0.02,0.02,0.0,0.0
James Trezise,Richmond,0,7,0.0022,11,0.02,0.02,0.0,0.0
Lachlan Bramble,Western Bulldogs,0,11,0.0014,11,0.02,0.02,0.0,0.0
Jai Culley,Melbourne,0,7,0.0022,11,0.02,0.02,0.0,0.0
Jasper Alger,Richmond,0,2,0.0007,11,0.01,0.01,0.0,0.0
Campbell Chesser,Carlton,0,3,0.0005,11,0.01,0.01,0.0,0.0
Jeremy Sharp,Fremantle,0,2,0.0008,11,0.01,0.01,0.0,0.0
Darragh Joyce,Brisbane Lions,0,2,0.001,11,0.01,0.01,0.0,0.0
Nick Bryan,Essendon,0,3,0.0008,11,0.01,0.01,0.0,0.0
Corey Warner,Sydney,0,4,0.0005,11,0.01,0.01,0.0,0.0
Leek Aleer,Greater Western Sydney,0,3,0.0008,11,0.01,0.01,0.0,0.0
Adam Saad,Carlton,0,3,0.0007,11,0.01,0.01,0.0,0.0
Flynn Perez,Hawthorn,0,3,0.0008,11,0.01,0.01,0.0,0.0
Andy Moniz-Wakefield,Melbourne,0,1,0.0006,11,0.01,0.01,0.0,0.0
Billy Cootee,Sydney,0,4,0.0005,11,0.01,0.01,0.0,0.0
Xavier Taylor,Melbourne,0,2,0.001,11,0.01,0.01,0.0,0.0
Harrison Oliver,Greater Western Sydney,0,2,0.0008,11,0.01,0.01,0.0,0.0
Callum Ah Chee,Adelaide,0,3,0.0007,11,0.01,0.01,0.0,0.0
Rhett Bazzo,West Coast,0,2,0.0008,11,0.01,0.01,0.0,0.0
Will Lorenz,Port Adelaide,0,1,0.0006,11,0.01,0.01,0.0,0.0
Mitch Hinge,Adelaide,0,1,0.0006,11,0.01,0.01,0.0,0.0
Jy Farrar,Gold Coast,0,2,0.0006,11,0.01,0.01,0.0,0.0
Bodie Ryan,Hawthorn,0,3,0.0005,11,0.01,0.01,0.0,0.0
Jack Hutchinson,West Coast,0,2,0.0007,11,0.01,0.01,0.0,0.0
Harvey Johnston,West Coast,0,3,0.0005,11,0.01,0.01,0.0,0.0
Jack Dalton,Hawthorn,0,2,0.0005,11,0.01,0.01,0.0,0.0
Noah Roberts-Thomson,Richmond,0,2,0.0005,11,0.01,0.01,0.0,0.0
Charlie West,Collingwood,0,2,0.0005,11,0.01,0.01,0.0,0.0
Bailey Macdonald,Hawthorn,0,1,0.0011,11,0.01,0.01,0.0,0.0
Anthony Caminiti,St Kilda,0,8,0.0009,11,0.01,0.01,0.0,0.0
Luke Pedlar,Adelaide,0,9,0.0011,11,0.01,0.01,0.0,0.0
Will Lewis,Western Bulldogs,0,7,0.0013,11,0.01,0.01,0.0,0.0
Jacob Wehr,Port Adelaide,0,10,0.0013,11,0.01,0.01,0.0,0.0
Zeke Uwland,Gold Coast,0,9,0.0011,11,0.01,0.01,0.0,0.0
Lewis Melican,Sydney,0,8,0.0012,11,0.01,0.01,0.0,0.0
Jacob Farrow,Essendon,0,9,0.001,11,0.01,0.01,0.0,0.0
Lachlan Blakiston,Essendon,0,11,0.0009,11,0.01,0.01,0.0,0.0
Charlie Spargo,North Melbourne,0,7,0.0008,11,0.01,0.01,0.0,0.0
Nathan Broad,Richmond,0,10,0.0009,11,0.01,0.01,0.0,0.0
Josh Lai,Port Adelaide,0,8,0.0011,11,0.01,0.01,0.0,0.0
Brady Hough,West Coast,0,11,0.0008,11,0.01,0.01,0.0,0.0
Jade Gresham,Essendon,0,6,0.0013,11,0.01,0.01,0.0,0.0
Zach Reid,Essendon,0,11,0.0007,11,0.01,0.01,0.0,0.0
Sam Grlj,Richmond,0,10,0.0008,11,0.01,0.01,0.0,0.0
Latrelle Pickett,Melbourne,0,10,0.0008,11,0.01,0.01,0.0,0.0
Oscar Adams,Gold Coast,0,8,0.001,11,0.01,0.01,0.0,0.0
Mykelti Lefau,Richmond,0,9,0.0008,11,0.01,0.01,0.0,0.0
James ODonnell,Western Bulldogs,0,7,0.001,11,0.01,0.01,0.0,0.0
Oscar Steene,Collingwood,0,8,0.0013,11,0.01,0.01,0.0,0.0
Max Michalanney,Adelaide,0,11,0.0009,11,0.01,0.01,0.0,0.0
Griffin Logue,North Melbourne,0,9,0.0012,11,0.01,0.01,0.0,0.0
Archie Perkins,Essendon,0,7,0.0009,11,0.01,0.01,0.0,0.0
Archer Day-Wicks,Essendon,0,9,0.0007,11,0.01,0.01,0.0,0.0
Aidan Corr,North Melbourne,0,6,0.0007,11,0.01,0.01,0.0,0.0
Tom Edwards,Essendon,0,6,0.0007,11,0.01,0.01,0.0,0.0
Jacob Konstanty,North Melbourne,0,5,0.0013,11,0.01,0.01,0.0,0.0
Cooper Hynes,Western Bulldogs,0,9,0.0005,11,0.01,0.01,0.0,0.0
Harry Dean,Carlton,0,9,0.0005,11,0.01,0.01,0.0,0.0
Archer Reid,West Coast,0,6,0.0008,11,0.01,0.01,0.0,0.0
Lewis Young,Carlton,0,7,0.0007,11,0.01,0.01,0.0,0.0
Toby McMullin,Greater Western Sydney,0,4,0.0011,11,0.01,0.01,0.0,0.0
Hugh Boxshall,St Kilda,0,5,0.001,11,0.01,0.01,0.0,0.0
Daniel Curtin,Adelaide,0,4,0.0013,11,0.01,0.01,0.0,0.0
Jedd Busslinger,Western Bulldogs,0,4,0.0013,11,0.01,0.01,0.0,0.0
Sam Davidson,Western Bulldogs,0,9,0.0007,11,0.01,0.01,0.0,0.0
Harry Cunningham,Sydney,0,6,0.0011,11,0.01,0.01,0.0,0.0
Mason Cox,Fremantle,0,6,0.001,11,0.01,0.01,0.0,0.0
Max Heath,Melbourne,0,6,0.001,11,0.01,0.01,0.0,0.0
Chris Scerri,Fremantle,0,6,0.001,11,0.01,0.01,0.0,0.0
James Tunstill,Brisbane Lions,0,5,0.0007,11,0.01,0.01,0.0,0.0
Josh Dolan,Western Bulldogs,0,4,0.0009,11,0.01,0.01,0.0,0.0
Bo Allan,West Coast,0,8,0.0007,11,0.01,0.01,0.0,0.0
Esava Ratugolea,Port Adelaide,0,5,0.0011,11,0.01,0.01,0.0,0.0
James Leake,Greater Western Sydney,0,5,0.001,11,0.01,0.01,0.0,0.0
Alix Tauru,St Kilda,0,5,0.0008,11,0.01,0.01,0.0,0.0
Hunter Clark,St Kilda,0,3,0.0013,11,0.01,0.01,0.0,0.0
Lachlan McNeil,Western Bulldogs,0,5,0.0007,11,0.01,0.01,0.0,0.0
Malakai Champion,West Coast,0,6,0.0007,11,0.01,0.01,0.0,0.0
Campbell Gray,Richmond,0,9,0.0005,11,0.01,0.01,0.0,0.0
Oliver Wiltshire,Geelong,0,4,0.001,11,0.01,0.01,0.0,0.0
Tom Burton,Richmond,0,5,0.0008,11,0.01,0.01,0.0,0.0
Oliver Hayes-Brown,Richmond,0,5,0.0009,11,0.01,0.01,0.0,0.0
Hugh Bond,Adelaide,0,7,0.0006,11,0.01,0.01,0.0,0.0
Liam Stocker,St Kilda,0,7,0.0006,11,0.01,0.01,0.0,0.0
Lachy Dovaston,North Melbourne,0,6,0.0006,11,0.01,0.01,0.0,0.0
Hugo Ralphsmith,Richmond,0,5,0.0005,11,0.01,0.01,0.0,0.0
Liam OConnell,St Kilda,0,4,0.0006,11,0.01,0.01,0.0,0.0
Jordan Croft,Western Bulldogs,0,6,0.0005,11,0.01,0.01,0.0,0.0
Harry Schoenberg,West Coast,0,5,0.0005,11,0.01,0.01,0.0,0.0
Charlie Ballard,Gold Coast,0,4,0.0007,11,0.01,0.01,0.0,0.0
Saad El-Hawli,Essendon,0,5,0.0006,11,0.01,0.01,0.0,0.0
Liam Fawcett,Richmond,0,4,0.0007,11,0.01,0.01,0.0,0.0
Wil Parker,Collingwood,0,4,0.0007,11,0.01,0.01,0.0,0.0
Wade Derksen,Carlton,0,3,0.001,11,0.01,0.01,0.0,0.0
Liam Reidy,Carlton,0,3,0.001,11,0.01,0.01,0.0,0.0
Dan Butler,St Kilda,0,5,0.0006,11,0.01,0.01,0.0,0.0
Oliver Hannaford,Greater Western Sydney,0,5,0.0007,11,0.01,0.01,0.0,0.0
Tom Cole,West Coast,0,5,0.0007,11,0.01,0.01,0.0,0.0
Flynn Young,Carlton,0,1,0.0007,11,0.01,0.01,0.0,0.0
Cameron Nairn,Hawthorn,0,1,0.0008,11,0.01,0.01,0.0,0.0
Riley Hardeman,North Melbourne,0,1,0.0008,11,0.01,0.01,0.0,0.0
Matthew Cottrell,Carlton,0,2,0.0002,11,0.0,0.0,0.0,0.0
Tom Anastasopoulos,Port Adelaide,0,2,0.0002,11,0.0,0.0,0.0,0.0
Isaac Keeler,St Kilda,0,1,0.0003,11,0.0,0.0,0.0,0.0
Max Kondogiannis,Essendon,0,3,0.0001,11,0.0,0.0,0.0,0.0
Laitham Vandermeer,Western Bulldogs,0,1,0.0003,11,0.0,0.0,0.0,0.0
Ashton Moir,Carlton,0,2,0.0001,11,0.0,0.0,0.0,0.0
Ben Jepson,Gold Coast,0,1,0.0003,11,0.0,0.0,0.0,0.0
Mitch Zadow,Port Adelaide,0,1,0.0002,11,0.0,0.0,0.0,0.0
Brandon Walker,Fremantle,0,1,0.0002,11,0.0,0.0,0.0,0.0
Mitch Knevitt,Geelong,0,1,0.0002,11,0.0,0.0,0.0,0.0
Will McCabe,Hawthorn,0,1,0.0002,11,0.0,0.0,0.0,0.0
Hussien El Achkar,Essendon,0,2,0.0001,11,0.0,0.0,0.0,0.0
Harry Armstrong,Richmond,0,3,0.0001,11,0.0,0.0,0.0,0.0
Ollie Lord,Port Adelaide,0,1,0.0002,11,0.0,0.0,0.0,0.0
Tom Hanily,Sydney,0,1,0.0002,11,0.0,0.0,0.0,0.0
Daniel Annable,Brisbane Lions,0,1,0.0001,11,0.0,0.0,0.0,0.0
Noah Answerth,Brisbane Lions,0,3,0.0003,11,0.0,0.0,0.0,0.0
Jayden Nguyen,Essendon,0,5,0.0002,11,0.0,0.0,0.0,0.0
Wil Dawson,North Melbourne,0,3,0.0003,11,0.0,0.0,0.0,0.0
Jordan Boyd,Carlton,0,2,0.0004,11,0.0,0.0,0.0,0.0
Sandy Brock,West Coast,0,4,0.0002,11,0.0,0.0,0.0,0.0
Louis Emmett,Western Bulldogs,0,5,0.0002,11,0.0,0.0,0.0,0.0
Max Ramsden,Hawthorn,0,2,0.0004,11,0.0,0.0,0.0,0.0
Josaia Delana,Greater Western Sydney,0,4,0.0002,11,0.0,0.0,0.0,0.0
Josh Gibcus,Richmond,0,1,0.0004,11,0.0,0.0,0.0,0.0
Caiden Cleary,Sydney,0,2,0.0002,11,0.0,0.0,0.0,0.0
Luke Cleary,Western Bulldogs,0,1,0.0004,11,0.0,0.0,0.0,0.0
Lachlan Sullivan,Collingwood,0,1,0.0004,11,0.0,0.0,0.0,0.0
Reilly OBrien,Adelaide,0,1,0.0001,11,0.0,0.0,0.0,0.0
Dante Visentini,Port Adelaide,0,6,0.0004,11,0.0,0.0,0.0,0.0
Will Hayes,Collingwood,0,6,0.0003,11,0.0,0.0,0.0,0.0
Finnbar Maley,Adelaide,0,5,0.0004,11,0.0,0.0,0.0,0.0
Talor Byrne,Carlton,0,6,0.0003,11,0.0,0.0,0.0,0.0
Zane Zakostelsky,Brisbane Lions,0,3,0.0002,11,0.0,0.0,0.0,0.0
Zac Banch,North Melbourne,0,2,0.0003,11,0.0,0.0,0.0,0.0
Lachlan Smith,Western Bulldogs,0,2,0.0003,11,0.0,0.0,0.0,0.0
Cody Curtin,Brisbane Lions,0,3,0.0002,11,0.0,0.0,0.0,0.0
Elijah Hewett,West Coast,0,4,0.0002,11,0.0,0.0,0.0,0.0
Brayden Fiorini,Essendon,0,2,0.0003,11,0.0,0.0,0.0,0.0
Sam Marshall,Brisbane Lions,0,2,0.0003,11,0.0,0.0,0.0,0.0
Lachie Fogarty,Carlton,0,2,0.0003,11,0.0,0.0,0.0,0.0
Hudson OKeeffe,Carlton,0,3,0.0002,11,0.0,0.0,0.0,0.0
Jacob Newton,West Coast,0,3,0.0002,11,0.0,0.0,0.0,0.0
Matt Guelfi,Essendon,0,3,0.0002,11,0.0,0.0,0.0,0.0
Nik Cox,Essendon,0,3,0.0002,11,0.0,0.0,0.0,0.0
Harry Edwards,West Coast,0,2,0.0002,11,0.0,0.0,0.0,0.0
Darcy Moore,Collingwood,0,4,0.0004,11,0.0,0.0,0.0,0.0
Jack Buller,Collingwood,0,5,0.0003,11,0.0,0.0,0.0,0.0
Samson Ryan,Richmond,0,3,0.0004,11,0.0,0.0,0.0,0.0
Harvey Gallagher,Western Bulldogs,0,3,0.0004,11,0.0,0.0,0.0,0.0
Maurice Rioli,Richmond,0,6,0.0002,11,0.0,0.0,0.0,0.0
Matthew Owies,West Coast,0,3,0.0003,11,0.0,0.0,0.0,0.0
Ryan Gardner,Western Bulldogs,0,1,0.0001,11,0.0,0.0,0.0,0.0
Will McLachlan,Brisbane Lions,0,1,0.0001,11,0.0,0.0,0.0,0.0
